team,side,player_name,player_id,game_id,"last_name, first_name",year,player_age,ab,pa,hit,single,double,triple,home_run,strikeout,walk,k_percent,bb_percent,batting_avg,slg_percent,on_base_percent,on_base_plus_slg,xba,xslg,woba,xwoba
Cleveland Guardians,home,Steven Kwan,680757,777944,"Kwan, Steven",2025.0,27.0,161.0,178.0,53.0,41.0,8.0,0.0,4.0,15.0,15.0,8.4,8.4,0.329,0.453,0.39,0.843,0.315,0.424,0.375,0.353
Cleveland Guardians,home,Daniel Schneemann,682177,777944,"Schneemann, Daniel",2025.0,28.0,80.0,91.0,21.0,11.0,5.0,0.0,5.0,25.0,10.0,27.5,11.0,0.263,0.512,0.344,0.856,0.251,0.552,0.373,0.376
Cleveland Guardians,home,José Ramírez,608070,777944,"Ramírez, José",2025.0,32.0,142.0,163.0,41.0,27.0,8.0,0.0,6.0,19.0,15.0,11.7,9.2,0.289,0.472,0.356,0.828,0.298,0.444,0.354,0.349
Cleveland Guardians,home,Kyle Manzardo,700932,777944,"Manzardo, Kyle",2025.0,24.0,124.0,146.0,27.0,14.0,3.0,1.0,9.0,39.0,18.0,26.7,12.3,0.218,0.476,0.315,0.791,0.21,0.465,0.34,0.332
Cleveland Guardians,home,Nolan Jones,666134,777944,"Jones, Nolan",2025.0,27.0,92.0,108.0,14.0,6.0,6.0,0.0,2.0,33.0,15.0,30.6,13.9,0.152,0.283,0.271,0.554,0.216,0.449,0.254,0.334
Cleveland Guardians,home,Carlos Santana,467793,777944,"Santana, Carlos",2025.0,39.0,139.0,164.0,31.0,24.0,3.0,0.0,4.0,30.0,19.0,18.3,11.6,0.223,0.331,0.323,0.654,0.218,0.352,0.297,0.3
Cleveland Guardians,home,Bo Naylor,666310,777944,"Naylor, Bo",2025.0,25.0,95.0,110.0,18.0,10.0,3.0,0.0,5.0,26.0,13.0,23.6,11.8,0.189,0.379,0.284,0.663,0.202,0.421,0.296,0.311
Cleveland Guardians,home,Gabriel Arias,672356,777944,"Arias, Gabriel",2025.0,25.0,129.0,142.0,35.0,23.0,8.0,0.0,4.0,37.0,9.0,26.1,6.3,0.271,0.426,0.324,0.75,0.237,0.407,0.33,0.311
Cleveland Guardians,home,Will Brennan,686823,777944,0,0.0,0.0,0.0,0.0,0.0,0.0,0.0,0.0,0.0,0.0,0.0,0.0,0.0,0.0,0.0,0.0,0.0,0.0,0.0,0.0,0.0
Cleveland Guardians,home,Angel Martínez,682657,777944,"Martínez, Angel",2025.0,23.0,90.0,95.0,27.0,20.0,5.0,1.0,1.0,16.0,3.0,16.8,3.2,0.3,0.411,0.319,0.73,0.239,0.336,0.319,0.266
Milwaukee Brewers,away,Jackson Chourio,694192,777944,"Chourio, Jackson",2025.0,21.0,177.0,183.0,46.0,25.0,13.0,1.0,7.0,37.0,4.0,20.2,2.2,0.26,0.463,0.279,0.742,0.246,0.416,0.32,0.292
Milwaukee Brewers,away,Daz Cameron,663662,777944,"Cameron, Daz",2025.0,28.0,14.0,15.0,2.0,2.0,0.0,0.0,0.0,7.0,1.0,46.7,6.7,0.143,0.143,0.2,0.343,0.196,0.27,0.166,0.235
Milwaukee Brewers,away,Jake Bauers,641343,777944,"Bauers, Jake",2025.0,29.0,53.0,61.0,15.0,9.0,3.0,0.0,3.0,22.0,8.0,36.1,13.1,0.283,0.509,0.377,0.886,0.23,0.474,0.388,0.349
Milwaukee Brewers,away,William Contreras,661388,777944,"Contreras, William",2025.0,27.0,139.0,164.0,32.0,26.0,2.0,0.0,4.0,32.0,24.0,19.5,14.6,0.23,0.331,0.341,0.672,0.225,0.346,0.303,0.306
Milwaukee Brewers,away,Christian Yelich,592885,777944,"Yelich, Christian",2025.0,33.0,147.0,169.0,31.0,20.0,4.0,0.0,7.0,46.0,20.0,27.2,11.8,0.211,0.381,0.308,0.689,0.244,0.398,0.307,0.324
Milwaukee Brewers,away,Rhys Hoskins,656555,777944,"Hoskins, Rhys",2025.0,32.0,123.0,146.0,34.0,24.0,6.0,0.0,4.0,33.0,20.0,22.6,13.7,0.276,0.423,0.384,0.807,0.263,0.44,0.357,0.357
Milwaukee Brewers,away,Brice Turang,668930,777944,"Turang, Brice",2025.0,25.0,146.0,167.0,43.0,37.0,3.0,0.0,3.0,35.0,17.0,21.0,10.2,0.295,0.377,0.367,0.744,0.274,0.412,0.336,0.346
Milwaukee Brewers,away,Eric Haase,606992,777944,"Haase, Eric",2025.0,32.0,24.0,27.0,7.0,4.0,1.0,0.0,2.0,9.0,2.0,33.3,7.4,0.292,0.583,0.346,0.929,0.283,0.582,0.4,0.39
Milwaukee Brewers,away,Andruw Monasterio,655316,777944,0,0.0,0.0,0.0,0.0,0.0,0.0,0.0,0.0,0.0,0.0,0.0,0.0,0.0,0.0,0.0,0.0,0.0,0.0,0.0,0.0,0.0
Milwaukee Brewers,away,Sal Frelick,686217,777944,"Frelick, Sal",2025.0,25.0,134.0,153.0,37.0,29.0,5.0,2.0,1.0,17.0,14.0,11.1,9.2,0.276,0.366,0.358,0.724,0.267,0.33,0.328,0.31
Milwaukee Brewers,away,Caleb Durbin,702332,777944,"Durbin, Caleb",2025.0,25.0,72.0,83.0,14.0,10.0,3.0,0.0,1.0,4.0,4.0,4.8,4.8,0.194,0.278,0.28,0.558,0.219,0.294,0.259,0.272
Milwaukee Brewers,away,Joey Ortiz,687401,777944,"Ortiz, Joey",2025.0,26.0,136.0,148.0,24.0,19.0,4.0,0.0,1.0,23.0,9.0,15.5,6.1,0.176,0.228,0.233,0.461,0.242,0.325,0.213,0.276
Detroit Tigers,home,Kerry Carpenter,681481,777940,"Carpenter, Kerry",2025.0,27.0,139.0,147.0,40.0,24.0,6.0,1.0,9.0,25.0,4.0,17.0,2.7,0.288,0.54,0.315,0.855,0.279,0.576,0.368,0.376
Detroit Tigers,home,Justyn-Henry Malloy,669234,777940,"Malloy, Justyn-Henry",2025.0,25.0,71.0,92.0,15.0,10.0,4.0,0.0,1.0,23.0,18.0,25.0,19.6,0.211,0.31,0.37,0.68,0.215,0.362,0.32,0.333
Detroit Tigers,home,Gleyber Torres,650402,777940,"Torres, Gleyber",2025.0,28.0,112.0,128.0,34.0,24.0,5.0,0.0,5.0,11.0,12.0,8.6,9.4,0.304,0.482,0.375,0.857,0.311,0.578,0.375,0.408
Detroit Tigers,home,Zach McKinstry,656716,777940,"McKinstry, Zach",2025.0,30.0,129.0,152.0,36.0,26.0,6.0,3.0,1.0,41.0,20.0,27.0,13.2,0.279,0.395,0.371,0.766,0.249,0.348,0.34,0.315
Detroit Tigers,home,Riley Greene,682985,777940,"Greene, Riley",2025.0,24.0,156.0,169.0,41.0,26.0,6.0,0.0,9.0,48.0,12.0,28.4,7.1,0.263,0.474,0.32,0.794,0.253,0.489,0.345,0.34
Detroit Tigers,home,Spencer Torkelson,679529,777940,"Torkelson, Spencer",2025.0,25.0,151.0,178.0,36.0,15.0,11.0,0.0,10.0,44.0,21.0,24.7,11.8,0.238,0.51,0.337,0.847,0.249,0.547,0.364,0.38
Detroit Tigers,home,Trey Sweeney,700242,777940,"Sweeney, Trey",2025.0,25.0,131.0,145.0,35.0,27.0,3.0,1.0,4.0,31.0,14.0,21.4,9.7,0.267,0.397,0.338,0.735,0.249,0.394,0.329,0.317
Detroit Tigers,home,Dillon Dingler,693307,777940,"Dingler, Dillon",2025.0,26.0,110.0,114.0,31.0,20.0,6.0,1.0,4.0,31.0,1.0,27.2,0.9,0.282,0.464,0.307,0.771,0.28,0.48,0.336,0.336
Detroit Tigers,home,Jace Jung,690291,777940,"Jung, Jace",2025.0,24.0,41.0,48.0,4.0,4.0,0.0,0.0,0.0,13.0,7.0,27.1,14.6,0.098,0.098,0.229,0.327,0.179,0.237,0.176,0.255
Detroit Tigers,home,Javier Báez,595879,777940,"Báez, Javier",2025.0,32.0,115.0,121.0,36.0,25.0,8.0,0.0,3.0,29.0,4.0,24.0,3.3,0.313,0.461,0.347,0.808,0.247,0.38,0.355,0.291
Boston Red Sox,away,Jarren Duran,680776,777940,"Duran, Jarren",2025.0,28.0,183.0,197.0,46.0,31.0,9.0,4.0,2.0,42.0,10.0,21.3,5.1,0.251,0.377,0.299,0.676,0.267,0.395,0.299,0.312
Boston Red Sox,away,Rafael Devers,646240,777940,"Devers, Rafael",2025.0,28.0,158.0,194.0,45.0,26.0,12.0,0.0,7.0,47.0,33.0,24.2,17.0,0.285,0.494,0.407,0.901,0.29,0.555,0.391,0.417
Boston Red Sox,away,Alex Bregman,608324,777940,"Bregman, Alex",2025.0,31.0,165.0,188.0,51.0,27.0,15.0,0.0,9.0,35.0,17.0,18.6,9.0,0.309,0.564,0.388,0.952,0.264,0.494,0.41,0.364
Boston Red Sox,away,Kristian Campbell,692225,777940,"Campbell, Kristian",2025.0,23.0,133.0,153.0,34.0,22.0,8.0,0.0,4.0,41.0,19.0,26.8,12.4,0.256,0.406,0.346,0.752,0.259,0.424,0.336,0.34
Boston Red Sox,away,Wilyer Abreu,677800,777940,"Abreu, Wilyer",2025.0,26.0,140.0,162.0,39.0,21.0,7.0,0.0,11.0,31.0,22.0,19.1,13.6,0.279,0.564,0.377,0.941,0.292,0.633,0.4,0.423
Boston Red Sox,away,Nick Sogard,686765,777940,"Sogard, Nick",2025.0,27.0,9.0,10.0,1.0,1.0,0.0,0.0,0.0,2.0,1.0,20.0,10.0,0.111,0.111,0.2,0.311,0.165,0.272,0.159,0.236
Boston Red Sox,away,Carlos Narváez,665966,777940,"Narváez, Carlos",2025.0,26.0,99.0,107.0,24.0,14.0,6.0,0.0,4.0,26.0,8.0,24.3,7.5,0.242,0.424,0.299,0.723,0.232,0.425,0.318,0.309
Boston Red Sox,away,David Hamilton,666152,777940,"Hamilton, David",2025.0,27.0,50.0,53.0,9.0,7.0,1.0,0.0,1.0,13.0,2.0,24.5,3.8,0.18,0.26,0.212,0.472,0.191,0.249,0.212,0.21
Boston Red Sox,away,Ceddanne Rafaela,678882,777940,"Rafaela, Ceddanne",2025.0,24.0,128.0,141.0,31.0,21.0,6.0,2.0,2.0,24.0,8.0,17.0,5.7,0.242,0.367,0.295,0.662,0.286,0.52,0.294,0.366
Cincinnati Reds,home,TJ Friedl,670770,777945,"Friedl Jr., TJ",2025.0,29.0,156.0,180.0,43.0,33.0,6.0,1.0,3.0,29.0,20.0,16.1,11.1,0.276,0.385,0.358,0.743,0.258,0.334,0.333,0.307
Cincinnati Reds,home,Will Benson,666181,777945,"Benson, Will",2025.0,27.0,11.0,11.0,1.0,0.0,1.0,0.0,0.0,5.0,0.0,45.5,0.0,0.091,0.182,0.091,0.273,0.163,0.212,0.116,0.161
Cincinnati Reds,home,Santiago Espinal,669289,777945,"Espinal, Santiago",2025.0,30.0,105.0,115.0,31.0,25.0,6.0,0.0,0.0,12.0,10.0,10.4,8.7,0.295,0.352,0.357,0.709,0.264,0.343,0.321,0.3
Cincinnati Reds,home,Elly De La Cruz,682829,777945,"De La Cruz, Elly",2025.0,23.0,164.0,184.0,40.0,29.0,5.0,0.0,6.0,54.0,17.0,29.3,9.2,0.244,0.384,0.321,0.705,0.232,0.407,0.311,0.312
Cincinnati Reds,home,Austin Hays,669720,777945,"Hays, Austin",2025.0,29.0,61.0,67.0,20.0,12.0,3.0,0.0,5.0,17.0,6.0,25.4,9.0,0.328,0.623,0.388,1.011,0.303,0.629,0.431,0.415
Cincinnati Reds,home,Tyler Stephenson,663886,777945,"Stephenson, Tyler",2025.0,28.0,30.0,36.0,7.0,3.0,3.0,0.0,1.0,15.0,6.0,41.7,16.7,0.233,0.433,0.361,0.794,0.223,0.362,0.345,0.313
Cincinnati Reds,home,Spencer Steer,668715,777945,"Steer, Spencer",2025.0,27.0,133.0,147.0,25.0,17.0,5.0,0.0,3.0,36.0,13.0,24.5,8.8,0.188,0.293,0.265,0.558,0.214,0.327,0.256,0.276
Cincinnati Reds,home,Gavin Lux,666158,777945,"Lux, Gavin",2025.0,27.0,131.0,151.0,37.0,26.0,9.0,1.0,1.0,35.0,20.0,23.2,13.2,0.282,0.389,0.377,0.766,0.257,0.368,0.347,0.325
Cincinnati Reds,home,Matt McLain,680574,777945,"McLain, Matt",2025.0,25.0,121.0,145.0,20.0,14.0,1.0,0.0,5.0,46.0,20.0,31.7,13.8,0.165,0.298,0.299,0.597,0.202,0.386,0.28,0.321
Cincinnati Reds,home,Connor Joe,656582,777945,"Joe, Connor",2025.0,32.0,13.0,15.0,2.0,2.0,0.0,0.0,0.0,6.0,2.0,40.0,13.3,0.154,0.154,0.267,0.421,0.161,0.251,0.212,0.246
Chicago White Sox,away,Chase Meidroth,805367,777945,"Meidroth, Chase",2025.0,23.0,61.0,70.0,15.0,13.0,2.0,0.0,0.0,12.0,9.0,17.1,12.9,0.246,0.279,0.343,0.622,0.237,0.279,0.292,0.286
Chicago White Sox,away,Miguel Vargas,678246,777945,"Vargas, Miguel",2025.0,25.0,135.0,154.0,29.0,19.0,8.0,0.0,2.0,30.0,17.0,19.5,11.0,0.215,0.319,0.312,0.631,0.221,0.343,0.29,0.297
Chicago White Sox,away,Edgar Quero,700337,777945,"Quero, Edgar",2025.0,22.0,62.0,72.0,17.0,14.0,3.0,0.0,0.0,11.0,8.0,15.3,11.1,0.274,0.323,0.375,0.698,0.28,0.374,0.325,0.34
Chicago White Sox,away,Luis Robert Jr.,673357,777945,"Robert Jr., Luis",2025.0,27.0,129.0,152.0,24.0,16.0,3.0,0.0,5.0,47.0,20.0,30.9,13.2,0.186,0.326,0.293,0.619,0.236,0.407,0.28,0.326
Chicago White Sox,away,Andrew Vaughn,683734,777945,"Vaughn, Andrew",2025.0,27.0,152.0,160.0,29.0,18.0,6.0,0.0,5.0,39.0,7.0,24.4,4.4,0.191,0.329,0.225,0.554,0.25,0.474,0.244,0.325
Chicago White Sox,away,Lenyn Sosa,672820,777945,"Sosa, Lenyn",2025.0,25.0,140.0,145.0,36.0,28.0,6.0,0.0,2.0,35.0,4.0,24.1,2.8,0.257,0.343,0.278,0.621,0.281,0.439,0.275,0.318
Chicago White Sox,away,Brooks Baldwin,681460,777945,"Baldwin, Brooks",2025.0,24.0,115.0,125.0,26.0,18.0,5.0,0.0,3.0,35.0,5.0,28.0,4.0,0.226,0.348,0.26,0.608,0.228,0.363,0.268,0.285
Chicago White Sox,away,Tim Elko,671284,777945,0,0.0,0.0,0.0,0.0,0.0,0.0,0.0,0.0,0.0,0.0,0.0,0.0,0.0,0.0,0.0,0.0,0.0,0.0,0.0,0.0,0.0
Chicago White Sox,away,Josh Rojas,668942,777945,"Rojas, Josh",2025.0,31.0,20.0,24.0,4.0,4.0,0.0,0.0,0.0,6.0,4.0,25.0,16.7,0.2,0.2,0.333,0.533,0.265,0.334,0.265,0.334
Chicago White Sox,away,Michael A. Taylor,572191,777945,"Taylor, Michael A.",2025.0,34.0,80.0,87.0,16.0,8.0,6.0,1.0,1.0,27.0,7.0,31.0,8.0,0.2,0.338,0.264,0.602,0.218,0.409,0.269,0.3
Toronto Blue Jays,home,Bo Bichette,666182,777935,"Bichette, Bo",2025.0,27.0,171.0,185.0,48.0,34.0,12.0,0.0,2.0,29.0,11.0,15.7,5.9,0.281,0.386,0.33,0.716,0.314,0.5,0.317,0.371
Toronto Blue Jays,home,Vladimir Guerrero Jr.,665489,777935,"Guerrero Jr., Vladimir",2025.0,26.0,151.0,177.0,43.0,32.0,7.0,0.0,4.0,33.0,23.0,18.6,13.0,0.285,0.411,0.379,0.79,0.306,0.498,0.348,0.387
Toronto Blue Jays,home,Anthony Santander,623993,777935,"Santander, Anthony",2025.0,30.0,143.0,160.0,28.0,18.0,5.0,0.0,5.0,36.0,16.0,22.5,10.0,0.196,0.336,0.275,0.611,0.224,0.367,0.275,0.298
Toronto Blue Jays,home,George Springer,543807,777935,"Springer III, George",2025.0,35.0,118.0,143.0,35.0,20.0,9.0,1.0,5.0,36.0,22.0,25.2,15.4,0.297,0.517,0.404,0.921,0.27,0.536,0.4,0.391
Toronto Blue Jays,home,Daulton Varsho,662139,777935,"Varsho, Daulton",2025.0,28.0,31.0,36.0,6.0,2.0,1.0,0.0,3.0,15.0,3.0,41.7,8.3,0.194,0.516,0.25,0.766,0.197,0.471,0.306,0.299
Toronto Blue Jays,home,Ernie Clement,676391,777935,"Clement, Ernie",2025.0,29.0,105.0,114.0,28.0,22.0,6.0,0.0,0.0,18.0,5.0,15.8,4.4,0.267,0.324,0.295,0.619,0.26,0.337,0.275,0.28
Toronto Blue Jays,home,Addison Barger,680718,777935,"Barger, Addison",2025.0,25.0,54.0,59.0,13.0,6.0,6.0,0.0,1.0,10.0,4.0,16.9,6.8,0.241,0.407,0.305,0.712,0.3,0.473,0.315,0.362
Toronto Blue Jays,home,Tyler Heineman,623168,777935,"Heineman, Tyler",2025.0,34.0,39.0,41.0,15.0,11.0,3.0,0.0,1.0,7.0,1.0,17.1,2.4,0.385,0.538,0.39,0.928,0.266,0.391,0.401,0.289
Toronto Blue Jays,home,Nathan Lukes,664770,777935,"Lukes, Nathan",2025.0,30.0,61.0,74.0,17.0,13.0,2.0,0.0,2.0,12.0,9.0,16.2,12.2,0.279,0.41,0.384,0.794,0.317,0.437,0.357,0.378
Toronto Blue Jays,home,Myles Straw,664702,777935,"Straw, Myles",2025.0,30.0,67.0,73.0,19.0,15.0,3.0,0.0,1.0,13.0,3.0,17.8,4.1,0.284,0.373,0.314,0.687,0.267,0.381,0.306,0.297
Tampa Bay Rays,away,Chandler Simpson,802415,777935,"Simpson, Chandler",2025.0,24.0,73.0,79.0,19.0,16.0,3.0,0.0,0.0,10.0,4.0,12.7,5.1,0.26,0.301,0.295,0.596,0.277,0.318,0.268,0.291
Tampa Bay Rays,away,Brandon Lowe,664040,777935,"Lowe, Brandon",2025.0,30.0,137.0,148.0,26.0,20.0,1.0,0.0,5.0,42.0,10.0,28.4,6.8,0.19,0.307,0.243,0.55,0.251,0.453,0.247,0.323
Tampa Bay Rays,away,Junior Caminero,691406,777935,"Caminero, Junior",2025.0,21.0,145.0,155.0,36.0,23.0,6.0,0.0,7.0,31.0,7.0,20.0,4.5,0.248,0.434,0.277,0.711,0.257,0.444,0.307,0.318
Tampa Bay Rays,away,Jonathan Aranda,666018,777935,"Aranda, Jonathan",2025.0,27.0,114.0,133.0,39.0,25.0,9.0,0.0,5.0,30.0,15.0,22.6,11.3,0.342,0.553,0.429,0.982,0.313,0.577,0.427,0.421
Tampa Bay Rays,away,Kameron Misner,670224,777935,"Misner, Kameron",2025.0,27.0,104.0,115.0,27.0,16.0,7.0,1.0,3.0,33.0,8.0,28.7,7.0,0.26,0.433,0.313,0.746,0.221,0.351,0.325,0.277
Tampa Bay Rays,away,José Caballero,676609,777935,"Caballero, José",2025.0,28.0,81.0,93.0,19.0,13.0,4.0,1.0,1.0,31.0,11.0,33.3,11.8,0.235,0.346,0.323,0.669,0.222,0.271,0.302,0.271
Tampa Bay Rays,away,Taylor Walls,670764,777935,"Walls, Taylor",2025.0,28.0,97.0,112.0,20.0,17.0,2.0,0.0,1.0,25.0,13.0,22.3,11.6,0.206,0.258,0.295,0.553,0.212,0.29,0.258,0.269
Tampa Bay Rays,away,Travis Jankowski,608671,777935,"Jankowski, Travis",2025.0,34.0,39.0,42.0,11.0,9.0,2.0,0.0,0.0,10.0,2.0,23.8,4.8,0.282,0.333,0.31,0.643,0.27,0.304,0.285,0.269
Tampa Bay Rays,away,Danny Jansen,643376,777935,"Jansen, Danny",2025.0,30.0,81.0,99.0,13.0,10.0,2.0,0.0,1.0,22.0,18.0,22.2,18.2,0.16,0.222,0.313,0.535,0.203,0.333,0.264,0.314
Tampa Bay Rays,away,Christopher Morel,666624,777935,"Morel, Christopher",2025.0,26.0,103.0,116.0,23.0,14.0,6.0,0.0,3.0,45.0,12.0,38.8,10.3,0.223,0.369,0.31,0.679,0.234,0.462,0.306,0.339
Tampa Bay Rays,away,Ben Rortvedt,666163,777935,"Rortvedt, Ben",2025.0,27.0,45.0,51.0,4.0,3.0,1.0,0.0,0.0,9.0,6.0,17.6,11.8,0.089,0.111,0.196,0.307,0.151,0.212,0.16,0.22
New York Mets,home,Francisco Lindor,596019,777943,"Lindor, Francisco",2025.0,31.0,168.0,190.0,51.0,35.0,7.0,0.0,9.0,30.0,13.0,15.8,6.8,0.304,0.506,0.368,0.874,0.289,0.501,0.381,0.374
New York Mets,home,Juan Soto,665742,777943,"Soto, Juan",2025.0,26.0,155.0,188.0,39.0,22.0,9.0,0.0,8.0,30.0,31.0,16.0,16.5,0.252,0.465,0.372,0.837,0.311,0.618,0.366,0.437
New York Mets,home,Pete Alonso,624413,777943,"Alonso, Pete",2025.0,30.0,154.0,187.0,49.0,24.0,15.0,1.0,9.0,36.0,26.0,19.3,13.9,0.318,0.604,0.428,1.032,0.308,0.629,0.441,0.44
New York Mets,home,Brandon Nimmo,607043,777943,"Nimmo, Brandon",2025.0,32.0,151.0,167.0,34.0,19.0,7.0,0.0,8.0,30.0,13.0,18.0,7.8,0.225,0.43,0.287,0.717,0.271,0.497,0.311,0.353
New York Mets,home,Mark Vientos,668901,777943,"Vientos, Mark",2025.0,25.0,140.0,156.0,34.0,22.0,6.0,1.0,5.0,32.0,15.0,20.5,9.6,0.243,0.407,0.314,0.721,0.243,0.394,0.319,0.311
New York Mets,home,Luisangel Acuña,682668,777943,"Acuña, Luisangel",2025.0,23.0,104.0,114.0,29.0,23.0,6.0,0.0,0.0,22.0,8.0,19.3,7.0,0.279,0.337,0.333,0.67,0.26,0.309,0.303,0.285
New York Mets,home,Jeff McNeil,643446,777943,"McNeil, Jeff",2025.0,33.0,41.0,48.0,10.0,5.0,1.0,2.0,2.0,7.0,6.0,14.6,12.5,0.244,0.512,0.333,0.845,0.263,0.391,0.354,0.323
New York Mets,home,Francisco Alvarez,682626,777943,"Alvarez, Francisco",2025.0,23.0,47.0,53.0,14.0,12.0,1.0,0.0,1.0,14.0,5.0,26.4,9.4,0.298,0.383,0.377,0.76,0.208,0.296,0.345,0.271
New York Mets,home,Brett Baty,683146,777943,"Baty, Brett",2025.0,25.0,68.0,72.0,15.0,7.0,3.0,1.0,4.0,22.0,3.0,30.6,4.2,0.221,0.471,0.254,0.725,0.241,0.455,0.311,0.311
New York Mets,home,Tyrone Taylor,621438,777943,"Taylor, Tyrone",2025.0,31.0,109.0,119.0,26.0,18.0,4.0,3.0,1.0,25.0,3.0,21.0,2.5,0.239,0.358,0.291,0.649,0.266,0.369,0.289,0.304
Pittsburgh Pirates,away,Adam Frazier,624428,777943,"Frazier, Adam",2025.0,33.0,114.0,126.0,26.0,21.0,3.0,0.0,2.0,20.0,9.0,15.9,7.1,0.228,0.307,0.294,0.601,0.229,0.291,0.27,0.261
Pittsburgh Pirates,away,Isiah Kiner-Falefa,643396,777943,"Kiner-Falefa, Isiah",2025.0,30.0,104.0,113.0,30.0,25.0,3.0,1.0,1.0,20.0,7.0,17.7,6.2,0.288,0.365,0.339,0.704,0.268,0.336,0.317,0.294
Pittsburgh Pirates,away,Bryan Reynolds,668804,777943,"Reynolds, Bryan",2025.0,30.0,167.0,184.0,34.0,24.0,5.0,0.0,5.0,52.0,14.0,28.3,7.6,0.204,0.323,0.266,0.589,0.258,0.488,0.262,0.342
Pittsburgh Pirates,away,Joey Bart,663698,777943,"Bart, Joey",2025.0,28.0,106.0,128.0,30.0,24.0,4.0,1.0,1.0,32.0,19.0,25.0,14.8,0.283,0.368,0.406,0.774,0.253,0.435,0.357,0.363
Pittsburgh Pirates,away,Ke'Bryan Hayes,663647,777943,"Hayes, Ke'Bryan",2025.0,28.0,150.0,162.0,39.0,34.0,3.0,1.0,1.0,30.0,9.0,18.5,5.6,0.26,0.313,0.311,0.624,0.248,0.35,0.283,0.288
Pittsburgh Pirates,away,Alexander Canario,672744,777943,"Canario, Alexander",2025.0,25.0,54.0,60.0,9.0,5.0,2.0,0.0,2.0,15.0,6.0,25.0,10.0,0.167,0.315,0.25,0.565,0.235,0.569,0.256,0.371
Pittsburgh Pirates,away,Jared Triolo,669707,777943,"Triolo, Jared",2025.0,27.0,70.0,79.0,11.0,6.0,4.0,0.0,1.0,10.0,6.0,12.7,7.6,0.157,0.257,0.231,0.488,0.247,0.405,0.224,0.313
Pittsburgh Pirates,away,Ji Hwan Bae,678225,777943,0,0.0,0.0,0.0,0.0,0.0,0.0,0.0,0.0,0.0,0.0,0.0,0.0,0.0,0.0,0.0,0.0,0.0,0.0,0.0,0.0,0.0
Pittsburgh Pirates,away,Andrew McCutchen,457705,777943,"McCutchen, Andrew",2025.0,38.0,118.0,138.0,30.0,20.0,7.0,0.0,3.0,21.0,17.0,15.2,12.3,0.254,0.39,0.35,0.74,0.277,0.482,0.33,0.367
Pittsburgh Pirates,away,Matt Gorski,685301,777943,"Gorski, Matt",2025.0,27.0,34.0,34.0,7.0,5.0,0.0,1.0,1.0,15.0,0.0,44.1,0.0,0.206,0.353,0.206,0.559,0.18,0.316,0.24,0.21
Pittsburgh Pirates,away,Henry Davis,680779,777943,"Davis, Henry",2025.0,25.0,34.0,38.0,4.0,3.0,0.0,0.0,1.0,7.0,2.0,18.4,5.3,0.118,0.206,0.189,0.395,0.232,0.336,0.186,0.283
Atlanta Braves,home,Alex Verdugo,657077,777942,"Verdugo, Alex",2025.0,29.0,88.0,95.0,22.0,14.0,8.0,0.0,0.0,9.0,6.0,9.5,6.3,0.25,0.341,0.305,0.646,0.284,0.396,0.291,0.322
Atlanta Braves,home,Austin Riley,663586,777942,"Riley, Austin",2025.0,28.0,169.0,181.0,48.0,33.0,7.0,0.0,8.0,51.0,10.0,28.2,5.5,0.284,0.467,0.331,0.798,0.272,0.514,0.349,0.355
Atlanta Braves,home,Matt Olson,621566,777942,"Olson, Matt",2025.0,31.0,147.0,178.0,33.0,20.0,6.0,0.0,7.0,38.0,29.0,21.3,16.3,0.224,0.408,0.354,0.762,0.251,0.531,0.343,0.389
Atlanta Braves,home,Marcell Ozuna,542303,777942,"Ozuna, Marcell",2025.0,34.0,129.0,166.0,35.0,24.0,5.0,0.0,6.0,34.0,35.0,20.5,21.1,0.271,0.45,0.428,0.878,0.286,0.524,0.392,0.416
Atlanta Braves,home,Drake Baldwin,686948,777942,"Baldwin, Drake",2025.0,24.0,66.0,72.0,20.0,14.0,3.0,0.0,3.0,13.0,6.0,18.1,8.3,0.303,0.485,0.361,0.846,0.282,0.489,0.372,0.358
Atlanta Braves,home,Ozzie Albies,645277,777942,"Albies, Ozzie",2025.0,28.0,164.0,178.0,34.0,25.0,4.0,0.0,5.0,27.0,13.0,15.2,7.3,0.207,0.323,0.264,0.587,0.217,0.35,0.264,0.276
Atlanta Braves,home,Michael Harris II,671739,777942,"Harris II, Michael",2025.0,24.0,158.0,170.0,37.0,25.0,8.0,1.0,3.0,30.0,6.0,17.6,3.5,0.234,0.354,0.256,0.61,0.276,0.407,0.263,0.307
Atlanta Braves,home,Eli White,642201,777942,"White, Eli",2025.0,31.0,85.0,92.0,24.0,13.0,6.0,3.0,2.0,20.0,6.0,21.7,6.5,0.282,0.494,0.33,0.824,0.274,0.421,0.353,0.319
Atlanta Braves,home,Nick Allen,669397,777942,"Allen, Nick",2025.0,26.0,104.0,114.0,27.0,23.0,4.0,0.0,0.0,26.0,6.0,22.8,5.3,0.26,0.298,0.313,0.611,0.237,0.281,0.279,0.259
Washington Nationals,away,CJ Abrams,682928,777942,"Abrams, CJ",2025.0,24.0,115.0,128.0,35.0,22.0,7.0,2.0,4.0,24.0,8.0,18.8,6.3,0.304,0.504,0.362,0.866,0.313,0.527,0.377,0.386
Washington Nationals,away,James Wood,695578,777942,"Wood, James",2025.0,22.0,161.0,186.0,44.0,23.0,10.0,0.0,11.0,49.0,24.0,26.3,12.9,0.273,0.54,0.371,0.911,0.266,0.567,0.396,0.396
Washington Nationals,away,Nathaniel Lowe,663993,777942,"Lowe, Nathaniel",2025.0,29.0,157.0,175.0,37.0,23.0,7.0,0.0,7.0,49.0,17.0,28.0,9.7,0.236,0.414,0.314,0.728,0.249,0.409,0.324,0.324
Washington Nationals,away,Keibert Ruiz,660688,777942,"Ruiz, Keibert",2025.0,26.0,134.0,144.0,40.0,33.0,5.0,0.0,2.0,16.0,8.0,11.1,5.6,0.299,0.381,0.347,0.728,0.297,0.374,0.327,0.319
Washington Nationals,away,Amed Rosario,642708,777942,"Rosario, Amed",2025.0,29.0,71.0,73.0,20.0,13.0,5.0,0.0,2.0,10.0,2.0,13.7,2.7,0.282,0.437,0.301,0.738,0.316,0.507,0.322,0.361
Washington Nationals,away,Josh Bell,605137,777942,"Bell, Josh",2025.0,32.0,123.0,137.0,17.0,10.0,1.0,1.0,5.0,32.0,13.0,23.4,9.5,0.138,0.285,0.226,0.511,0.203,0.348,0.234,0.283
Washington Nationals,away,Dylan Crews,686611,777942,"Crews, Dylan",2025.0,23.0,140.0,151.0,26.0,18.0,2.0,1.0,5.0,42.0,8.0,27.8,5.3,0.186,0.321,0.245,0.566,0.256,0.459,0.254,0.333
Washington Nationals,away,José Tena,677588,777942,"Tena, José",2025.0,24.0,67.0,72.0,16.0,11.0,4.0,1.0,0.0,18.0,5.0,25.0,6.9,0.239,0.328,0.292,0.62,0.226,0.331,0.278,0.272
Washington Nationals,away,Jacob Young,696285,777942,"Young, Jacob",2025.0,25.0,99.0,116.0,21.0,17.0,4.0,0.0,0.0,18.0,11.0,15.5,9.5,0.212,0.253,0.304,0.557,0.271,0.315,0.263,0.308
Chicago Cubs,home,Pete Crow-Armstrong,691718,777936,"Crow-Armstrong, Pete",2025.0,23.0,162.0,175.0,42.0,20.0,11.0,1.0,10.0,41.0,9.0,23.4,5.1,0.259,0.525,0.302,0.827,0.257,0.498,0.356,0.341
Chicago Cubs,home,Kyle Tucker,663656,777936,"Tucker, Kyle",2025.0,28.0,164.0,194.0,44.0,23.0,8.0,3.0,10.0,23.0,29.0,11.9,14.9,0.268,0.537,0.376,0.913,0.299,0.59,0.39,0.417
Chicago Cubs,home,Seiya Suzuki,673548,777936,"Suzuki, Seiya",2025.0,30.0,155.0,170.0,38.0,19.0,7.0,2.0,10.0,50.0,14.0,29.4,8.2,0.245,0.51,0.306,0.816,0.258,0.499,0.351,0.35
Chicago Cubs,home,Michael Busch,683737,777936,"Busch, Michael",2025.0,27.0,134.0,154.0,34.0,18.0,8.0,1.0,7.0,38.0,17.0,24.7,11.0,0.254,0.485,0.351,0.836,0.246,0.487,0.367,0.36
Chicago Cubs,home,Carson Kelly,608348,777936,"Kelly, Carson",2025.0,30.0,76.0,97.0,23.0,12.0,2.0,1.0,8.0,11.0,19.0,11.3,19.6,0.303,0.671,0.443,1.114,0.275,0.542,0.469,0.414
Chicago Cubs,home,Dansby Swanson,621020,777936,"Swanson, Dansby",2025.0,31.0,161.0,176.0,40.0,23.0,7.0,1.0,9.0,48.0,13.0,27.3,7.4,0.248,0.472,0.303,0.775,0.27,0.498,0.336,0.353
Chicago Cubs,home,Moisés Ballesteros,694208,777936,0,0.0,0.0,0.0,0.0,0.0,0.0,0.0,0.0,0.0,0.0,0.0,0.0,0.0,0.0,0.0,0.0,0.0,0.0,0.0,0.0,0.0
Chicago Cubs,home,Vidal Bruján,660644,777936,"Bruján, Vidal",2025.0,27.0,10.0,10.0,2.0,1.0,1.0,0.0,0.0,3.0,0.0,30.0,0.0,0.2,0.3,0.2,0.5,0.147,0.335,0.217,0.204
Chicago Cubs,home,Nico Hoerner,663538,777936,"Hoerner, Nico",2025.0,28.0,150.0,161.0,42.0,33.0,8.0,1.0,0.0,15.0,8.0,9.3,5.0,0.28,0.347,0.317,0.664,0.279,0.36,0.296,0.296
Chicago Cubs,home,Nicky Lopez,670032,777936,"Lopez, Nicky",2025.0,30.0,18.0,22.0,1.0,1.0,0.0,0.0,0.0,3.0,4.0,13.6,18.2,0.056,0.056,0.227,0.283,0.208,0.245,0.168,0.289
Chicago Cubs,home,Justin Turner,457759,777936,"Turner, Justin",2025.0,40.0,58.0,70.0,9.0,9.0,0.0,0.0,0.0,16.0,9.0,22.9,12.9,0.155,0.155,0.271,0.426,0.206,0.3,0.215,0.287
Miami Marlins,away,Xavier Edwards,669364,777936,"Edwards, Xavier",2025.0,25.0,162.0,185.0,42.0,38.0,3.0,1.0,0.0,31.0,19.0,16.8,10.3,0.259,0.29,0.337,0.627,0.241,0.289,0.288,0.28
Miami Marlins,away,Jesús Sánchez,660821,777936,"Sánchez, Jesús",2025.0,27.0,77.0,89.0,17.0,14.0,2.0,0.0,1.0,21.0,10.0,23.6,11.2,0.221,0.286,0.315,0.601,0.244,0.411,0.279,0.327
Miami Marlins,away,Eric Wagaman,676572,777936,"Wagaman, Eric",2025.0,27.0,131.0,140.0,31.0,19.0,8.0,1.0,3.0,23.0,9.0,16.4,6.4,0.237,0.382,0.286,0.668,0.272,0.453,0.295,0.334
Miami Marlins,away,Agustín Ramírez,682663,777936,"Ramírez, Agustín",2025.0,23.0,69.0,73.0,17.0,5.0,8.0,0.0,4.0,15.0,4.0,20.5,5.5,0.246,0.536,0.288,0.824,0.272,0.499,0.353,0.346
Miami Marlins,away,Kyle Stowers,669065,777936,"Stowers, Kyle",2025.0,27.0,132.0,153.0,38.0,26.0,4.0,1.0,7.0,45.0,17.0,29.4,11.1,0.288,0.492,0.368,0.86,0.285,0.522,0.374,0.383
Miami Marlins,away,Matt Mervis,670223,777936,"Mervis, Matt",2025.0,27.0,94.0,107.0,18.0,9.0,2.0,0.0,7.0,41.0,10.0,38.3,9.3,0.191,0.436,0.28,0.716,0.162,0.324,0.31,0.259
Miami Marlins,away,Nick Fortes,663743,777936,"Fortes, Nick",2025.0,28.0,31.0,34.0,8.0,5.0,2.0,1.0,0.0,6.0,1.0,17.6,2.9,0.258,0.387,0.303,0.69,0.263,0.427,0.305,0.32
Miami Marlins,away,Connor Norby,681393,777936,"Norby, Connor",2025.0,25.0,74.0,79.0,19.0,13.0,5.0,0.0,1.0,25.0,3.0,31.6,3.8,0.257,0.365,0.304,0.669,0.216,0.422,0.299,0.296
Miami Marlins,away,Derek Hill,656537,777936,"Hill, Derek",2025.0,29.0,46.0,52.0,8.0,4.0,2.0,0.0,2.0,19.0,3.0,36.5,5.8,0.174,0.348,0.24,0.588,0.225,0.404,0.262,0.302
Miami Marlins,away,Javier Sanoja,691594,777936,"Sanoja, Javier",2025.0,22.0,80.0,87.0,21.0,16.0,4.0,0.0,1.0,17.0,5.0,19.5,5.7,0.263,0.35,0.302,0.652,0.254,0.345,0.29,0.281
Texas Rangers,home,Sam Haggerty,664059,777934,0,0.0,0.0,0.0,0.0,0.0,0.0,0.0,0.0,0.0,0.0,0.0,0.0,0.0,0.0,0.0,0.0,0.0,0.0,0.0,0.0,0.0
Texas Rangers,home,Evan Carter,694497,777934,"Carter, Evan",2025.0,22.0,25.0,26.0,6.0,5.0,0.0,0.0,1.0,4.0,1.0,15.4,3.8,0.24,0.36,0.269,0.629,0.266,0.466,0.279,0.325
Texas Rangers,home,Wyatt Langford,694671,777934,"Langford, Wyatt",2025.0,23.0,118.0,137.0,31.0,18.0,6.0,0.0,7.0,31.0,16.0,22.6,11.7,0.263,0.492,0.35,0.842,0.246,0.477,0.366,0.357
Texas Rangers,home,Josh Jung,673962,777934,"Jung, Josh",2025.0,27.0,120.0,126.0,32.0,21.0,6.0,1.0,4.0,27.0,6.0,21.4,4.8,0.267,0.433,0.302,0.735,0.264,0.497,0.322,0.34
Texas Rangers,home,Adolis García,666969,777934,"García, Adolis",2025.0,32.0,145.0,160.0,32.0,19.0,8.0,0.0,5.0,38.0,8.0,23.8,5.0,0.221,0.379,0.269,0.648,0.246,0.474,0.283,0.336
Texas Rangers,home,Marcus Semien,543760,777934,"Semien, Marcus",2025.0,34.0,148.0,167.0,26.0,22.0,1.0,0.0,3.0,35.0,17.0,21.0,10.2,0.176,0.243,0.257,0.5,0.236,0.38,0.234,0.31
Texas Rangers,home,Jonah Heim,641680,777934,"Heim, Jonah",2025.0,30.0,109.0,118.0,29.0,22.0,2.0,0.0,5.0,24.0,8.0,20.3,6.8,0.266,0.422,0.322,0.744,0.263,0.406,0.33,0.318
Texas Rangers,home,Jake Burger,669394,777934,"Burger, Jake",2025.0,29.0,103.0,111.0,20.0,12.0,5.0,0.0,3.0,33.0,3.0,29.7,2.7,0.194,0.33,0.234,0.564,0.225,0.408,0.249,0.294
Texas Rangers,home,Kyle Higashioka,543309,777934,"Higashioka, Kyle",2025.0,35.0,59.0,61.0,15.0,9.0,5.0,0.0,1.0,10.0,2.0,16.4,3.3,0.254,0.39,0.279,0.669,0.259,0.44,0.293,0.31
Texas Rangers,home,Joc Pederson,592626,777934,"Pederson, Joc",2025.0,33.0,102.0,118.0,13.0,6.0,5.0,1.0,1.0,23.0,13.0,19.5,11.0,0.127,0.225,0.239,0.464,0.201,0.349,0.222,0.294
Texas Rangers,home,Ezequiel Duran,677649,777934,"Duran, Ezequiel",2025.0,26.0,23.0,25.0,3.0,2.0,1.0,0.0,0.0,7.0,0.0,28.0,0.0,0.13,0.174,0.16,0.334,0.18,0.325,0.152,0.245
Texas Rangers,home,Josh Smith,669701,777934,"Smith, Josh",2025.0,27.0,114.0,130.0,36.0,27.0,4.0,1.0,4.0,23.0,14.0,17.7,10.8,0.316,0.474,0.395,0.869,0.291,0.443,0.382,0.357
Colorado Rockies,away,Brenton Doyle,686668,777934,"Doyle, Brenton",2025.0,27.0,126.0,136.0,28.0,20.0,4.0,0.0,4.0,33.0,9.0,24.3,6.6,0.222,0.349,0.272,0.621,0.262,0.458,0.276,0.331
Colorado Rockies,away,Jordan Beck,687597,777934,"Beck, Jordan",2025.0,24.0,102.0,113.0,27.0,14.0,4.0,3.0,6.0,34.0,9.0,30.1,8.0,0.265,0.539,0.327,0.866,0.265,0.561,0.371,0.382
Colorado Rockies,away,Ryan McMahon,641857,777934,"McMahon, Ryan",2025.0,30.0,137.0,164.0,29.0,17.0,5.0,1.0,6.0,49.0,25.0,29.9,15.2,0.212,0.394,0.335,0.729,0.228,0.452,0.328,0.352
Colorado Rockies,away,Hunter Goodman,696100,777934,"Goodman, Hunter",2025.0,25.0,143.0,157.0,42.0,26.0,9.0,1.0,6.0,34.0,10.0,21.7,6.4,0.294,0.497,0.35,0.847,0.237,0.407,0.369,0.308
Colorado Rockies,away,Michael Toglia,669911,777934,"Toglia, Michael",2025.0,26.0,141.0,157.0,29.0,17.0,7.0,0.0,5.0,56.0,13.0,35.7,8.3,0.206,0.362,0.274,0.636,0.207,0.371,0.277,0.279
Colorado Rockies,away,Mickey Moniak,666160,777934,"Moniak, Mickey",2025.0,27.0,112.0,122.0,25.0,14.0,4.0,4.0,3.0,26.0,8.0,21.3,6.6,0.223,0.411,0.279,0.69,0.258,0.437,0.297,0.32
Colorado Rockies,away,Sean Bouchard,656248,777934,"Bouchard, Sean",2025.0,29.0,61.0,68.0,10.0,8.0,0.0,1.0,1.0,25.0,7.0,36.8,10.3,0.164,0.246,0.25,0.496,0.18,0.236,0.231,0.232
Colorado Rockies,away,Nick Martini,605361,777934,"Martini, Nick",2025.0,35.0,78.0,86.0,20.0,17.0,3.0,0.0,0.0,10.0,8.0,11.6,9.3,0.256,0.295,0.326,0.621,0.233,0.289,0.281,0.267
Colorado Rockies,away,Owen Miller,680911,777934,"Miller, Owen",2025.0,28.0,11.0,13.0,2.0,2.0,0.0,0.0,0.0,2.0,2.0,15.4,15.4,0.182,0.182,0.308,0.49,0.231,0.248,0.245,0.293
Colorado Rockies,away,Adael Amador,691182,777934,"Amador, Adael",2025.0,22.0,55.0,61.0,9.0,4.0,4.0,0.0,1.0,18.0,4.0,29.5,6.6,0.164,0.291,0.233,0.524,0.202,0.279,0.238,0.248
Colorado Rockies,away,Alan Trejo,676701,777934,"Trejo, Alan",2025.0,29.0,38.0,41.0,7.0,5.0,2.0,0.0,0.0,7.0,1.0,17.1,2.4,0.184,0.237,0.2,0.437,0.22,0.346,0.193,0.249
Colorado Rockies,away,Kyle Farmer,571657,777934,"Farmer, Kyle",2025.0,34.0,109.0,116.0,26.0,16.0,10.0,0.0,0.0,25.0,6.0,21.6,5.2,0.239,0.33,0.276,0.606,0.219,0.297,0.269,0.255
Houston Astros,home,Jeremy Peña,665161,777931,"Peña, Jeremy",2025.0,27.0,154.0,171.0,45.0,33.0,7.0,0.0,5.0,24.0,11.0,14.0,6.4,0.292,0.435,0.347,0.782,0.298,0.447,0.343,0.35
Houston Astros,home,Jose Altuve,514888,777931,"Altuve, Jose",2025.0,35.0,152.0,164.0,40.0,31.0,5.0,0.0,4.0,31.0,11.0,18.9,6.7,0.263,0.375,0.311,0.686,0.22,0.341,0.303,0.269
Houston Astros,home,Isaac Paredes,670623,777931,"Paredes, Isaac",2025.0,26.0,143.0,171.0,37.0,26.0,6.0,1.0,4.0,29.0,26.0,17.0,15.2,0.259,0.399,0.38,0.779,0.249,0.354,0.353,0.331
Houston Astros,home,Christian Walker,572233,777931,"Walker, Christian",2025.0,34.0,147.0,164.0,32.0,20.0,7.0,1.0,4.0,46.0,12.0,28.0,7.3,0.218,0.361,0.293,0.654,0.227,0.382,0.293,0.302
Houston Astros,home,Yainer Diaz,673237,777931,"Diaz, Yainer",2025.0,26.0,135.0,140.0,33.0,22.0,6.0,1.0,4.0,25.0,4.0,17.9,2.9,0.244,0.393,0.271,0.664,0.27,0.477,0.291,0.33
Houston Astros,home,Jake Meyers,676694,777931,"Meyers, Jake",2025.0,29.0,114.0,129.0,34.0,25.0,6.0,1.0,2.0,23.0,12.0,17.8,9.3,0.298,0.421,0.362,0.783,0.269,0.43,0.347,0.338
Houston Astros,home,Cam Smith,701358,777931,"Smith, Cam",2025.0,22.0,95.0,109.0,21.0,15.0,2.0,1.0,3.0,32.0,12.0,29.4,11.0,0.221,0.358,0.321,0.679,0.246,0.367,0.309,0.319
Houston Astros,home,Brendan Rodgers,663898,777931,"Rodgers, Brendan",2025.0,28.0,84.0,94.0,19.0,14.0,4.0,0.0,1.0,33.0,8.0,35.1,8.5,0.226,0.31,0.298,0.608,0.244,0.42,0.277,0.32
Houston Astros,home,Chas McCormick,676801,777931,"McCormick, Chas",2025.0,30.0,29.0,37.0,7.0,6.0,1.0,0.0,0.0,11.0,4.0,29.7,10.8,0.241,0.276,0.333,0.609,0.209,0.271,0.286,0.267
Houston Astros,home,Victor Caratini,605170,777931,"Caratini, Victor",2025.0,31.0,58.0,68.0,15.0,10.0,3.0,0.0,2.0,13.0,6.0,19.1,8.8,0.259,0.414,0.368,0.782,0.235,0.382,0.353,0.328
Houston Astros,home,Mauricio Dubón,643289,777931,"Dubón, Mauricio",2025.0,30.0,55.0,59.0,13.0,11.0,2.0,0.0,0.0,4.0,3.0,6.8,5.1,0.236,0.273,0.276,0.549,0.265,0.313,0.249,0.276
Kansas City Royals,away,Jonathan India,663697,777931,"India, Jonathan",2025.0,28.0,148.0,171.0,35.0,26.0,8.0,0.0,1.0,26.0,21.0,15.2,12.3,0.236,0.311,0.333,0.644,0.266,0.39,0.298,0.337
Kansas City Royals,away,Bobby Witt Jr.,677951,777931,"Witt Jr., Bobby",2025.0,25.0,166.0,189.0,53.0,30.0,17.0,1.0,5.0,33.0,17.0,17.5,9.0,0.319,0.524,0.386,0.91,0.311,0.506,0.388,0.387
Kansas City Royals,away,Mark Canha,592192,777931,"Canha, Mark",2025.0,36.0,43.0,49.0,11.0,9.0,2.0,0.0,0.0,9.0,4.0,18.4,8.2,0.256,0.302,0.327,0.629,0.243,0.317,0.288,0.299
Kansas City Royals,away,Michael Massey,686681,777931,"Massey, Michael",2025.0,27.0,136.0,146.0,29.0,22.0,5.0,0.0,2.0,22.0,4.0,15.1,2.7,0.213,0.294,0.234,0.528,0.242,0.348,0.232,0.266
Kansas City Royals,away,Salvador Perez,521692,777931,"Perez, Salvador",2025.0,35.0,155.0,166.0,36.0,21.0,13.0,0.0,2.0,36.0,8.0,21.7,4.8,0.232,0.355,0.273,0.628,0.306,0.553,0.277,0.38
Kansas City Royals,away,Maikel Garcia,672580,777931,"Garcia, Maikel",2025.0,25.0,149.0,167.0,44.0,29.0,10.0,1.0,4.0,25.0,16.0,15.0,9.6,0.295,0.456,0.361,0.817,0.302,0.477,0.36,0.366
Kansas City Royals,away,Vinnie Pasquantino,686469,777931,"Pasquantino, Vinnie",2025.0,27.0,166.0,178.0,37.0,25.0,5.0,1.0,6.0,33.0,10.0,18.5,5.6,0.223,0.373,0.27,0.643,0.249,0.439,0.279,0.313
Kansas City Royals,away,Freddy Fermin,666023,777931,"Fermin, Freddy",2025.0,30.0,77.0,82.0,19.0,17.0,1.0,0.0,1.0,13.0,3.0,15.9,3.7,0.247,0.299,0.284,0.583,0.243,0.355,0.264,0.278
Kansas City Royals,away,Hunter Renfroe,592669,777931,"Renfroe, Hunter",2025.0,33.0,84.0,92.0,14.0,11.0,3.0,0.0,0.0,19.0,7.0,20.7,7.6,0.167,0.202,0.228,0.43,0.179,0.269,0.201,0.232
Kansas City Royals,away,Kyle Isbel,664728,777931,"Isbel, Kyle",2025.0,28.0,100.0,108.0,28.0,20.0,3.0,2.0,3.0,20.0,2.0,18.5,1.9,0.28,0.44,0.288,0.728,0.215,0.312,0.313,0.237
San Diego Padres,home,Fernando Tatis Jr.,665487,777932,"Tatis Jr., Fernando",2025.0,26.0,152.0,170.0,48.0,32.0,5.0,1.0,10.0,29.0,16.0,17.1,9.4,0.316,0.559,0.382,0.941,0.313,0.612,0.406,0.424
San Diego Padres,home,Luis Arraez,650333,777932,"Arraez, Luis",2025.0,28.0,139.0,152.0,40.0,31.0,4.0,2.0,3.0,3.0,8.0,2.0,5.3,0.288,0.41,0.327,0.737,0.262,0.331,0.324,0.278
San Diego Padres,home,Manny Machado,592518,777932,"Machado, Manny",2025.0,32.0,148.0,165.0,49.0,32.0,14.0,0.0,3.0,27.0,16.0,16.4,9.7,0.331,0.486,0.394,0.88,0.346,0.572,0.385,0.418
San Diego Padres,home,Jackson Merrill,701538,777932,"Merrill, Jackson",2025.0,22.0,60.0,65.0,28.0,19.0,4.0,1.0,4.0,10.0,3.0,15.4,4.6,0.467,0.767,0.492,1.259,0.364,0.719,0.536,0.465
San Diego Padres,home,Gavin Sheets,657757,777932,"Sheets, Gavin",2025.0,29.0,116.0,127.0,35.0,23.0,7.0,0.0,5.0,32.0,9.0,25.2,7.1,0.302,0.491,0.354,0.845,0.278,0.477,0.369,0.349
San Diego Padres,home,Xander Bogaerts,593428,777932,"Bogaerts, Xander",2025.0,32.0,138.0,161.0,33.0,22.0,9.0,0.0,2.0,34.0,18.0,21.1,11.2,0.239,0.348,0.323,0.671,0.24,0.352,0.297,0.302
San Diego Padres,home,Jake Cronenworth,630105,777932,"Cronenworth, Jake",2025.0,31.0,48.0,63.0,12.0,7.0,2.0,0.0,3.0,12.0,12.0,19.0,19.0,0.25,0.479,0.413,0.892,0.245,0.391,0.395,0.364
San Diego Padres,home,Jason Heyward,518792,777932,"Heyward, Jason",2025.0,35.0,72.0,81.0,13.0,9.0,2.0,0.0,2.0,16.0,5.0,19.8,6.2,0.181,0.292,0.225,0.517,0.2,0.302,0.228,0.249
San Diego Padres,home,Martín Maldonado,455117,777932,"Maldonado, Martín",2025.0,38.0,58.0,60.0,12.0,9.0,1.0,0.0,2.0,16.0,2.0,26.7,3.3,0.207,0.328,0.233,0.561,0.247,0.476,0.248,0.319
Los Angeles Angels,away,Zach Neto,687263,777932,"Neto, Zach",2025.0,24.0,86.0,93.0,24.0,14.0,5.0,0.0,5.0,26.0,5.0,28.0,5.4,0.279,0.512,0.333,0.845,0.3,0.616,0.368,0.409
Los Angeles Angels,away,Nolan Schanuel,694384,777932,"Schanuel, Nolan",2025.0,23.0,132.0,152.0,33.0,24.0,6.0,1.0,2.0,22.0,17.0,14.5,11.2,0.25,0.356,0.338,0.694,0.269,0.38,0.309,0.322
Los Angeles Angels,away,Yoán Moncada,660162,777932,"Moncada, Yoán",2025.0,30.0,45.0,56.0,11.0,4.0,4.0,1.0,2.0,14.0,10.0,25.0,17.9,0.244,0.511,0.393,0.904,0.228,0.453,0.396,0.369
Los Angeles Angels,away,Jorge Soler,624585,777932,"Soler, Jorge",2025.0,33.0,136.0,154.0,31.0,17.0,8.0,0.0,6.0,45.0,13.0,29.2,8.4,0.228,0.419,0.305,0.724,0.224,0.422,0.319,0.319
Los Angeles Angels,away,Taylor Ward,621493,777932,"Ward, Taylor",2025.0,31.0,153.0,164.0,29.0,14.0,6.0,0.0,9.0,43.0,9.0,26.2,5.5,0.19,0.405,0.232,0.637,0.22,0.439,0.273,0.295
Los Angeles Angels,away,Logan O'Hoppe,681351,777932,"O'Hoppe, Logan",2025.0,25.0,121.0,129.0,32.0,22.0,1.0,0.0,9.0,44.0,6.0,34.1,4.7,0.264,0.496,0.302,0.798,0.249,0.496,0.346,0.338
Los Angeles Angels,away,Luis Rengifo,650859,777932,"Rengifo, Luis",2025.0,28.0,126.0,134.0,27.0,20.0,6.0,0.0,1.0,23.0,7.0,17.2,5.2,0.214,0.286,0.254,0.54,0.249,0.341,0.242,0.278
Los Angeles Angels,away,Jo Adell,666176,777932,"Adell, Jo",2025.0,26.0,108.0,113.0,21.0,12.0,4.0,0.0,5.0,33.0,4.0,29.2,3.5,0.194,0.37,0.23,0.6,0.254,0.487,0.263,0.33
Los Angeles Angels,away,Kyren Paris,677347,777932,"Paris, Kyren",2025.0,23.0,109.0,121.0,22.0,12.0,3.0,1.0,6.0,49.0,8.0,40.5,6.6,0.202,0.413,0.275,0.688,0.198,0.396,0.303,0.293
Seattle Mariners,home,J.P. Crawford,641487,777926,"Crawford, J.P.",2025.0,30.0,135.0,161.0,37.0,30.0,4.0,0.0,3.0,31.0,23.0,19.3,14.3,0.274,0.37,0.384,0.754,0.272,0.423,0.345,0.358
Seattle Mariners,home,Julio Rodríguez,677594,777926,"Rodríguez, Julio",2025.0,24.0,162.0,183.0,37.0,24.0,4.0,2.0,7.0,36.0,17.0,19.7,9.3,0.228,0.407,0.317,0.724,0.267,0.5,0.321,0.366
Seattle Mariners,home,Cal Raleigh,663728,777926,"Raleigh, Cal",2025.0,28.0,145.0,174.0,35.0,15.0,7.0,0.0,13.0,43.0,27.0,24.7,15.5,0.241,0.559,0.368,0.927,0.25,0.565,0.397,0.397
Seattle Mariners,home,Randy Arozarena,668227,777926,"Arozarena, Randy",2025.0,30.0,134.0,166.0,33.0,18.0,10.0,0.0,5.0,43.0,27.0,25.9,16.3,0.246,0.433,0.392,0.825,0.252,0.46,0.372,0.379
Seattle Mariners,home,Mitch Garver,641598,777926,"Garver, Mitch",2025.0,34.0,59.0,74.0,12.0,10.0,1.0,0.0,1.0,20.0,14.0,27.0,18.9,0.203,0.271,0.365,0.636,0.204,0.33,0.308,0.324
Seattle Mariners,home,Dylan Moore,664238,777926,"Moore, Dylan",2025.0,32.0,88.0,97.0,25.0,16.0,2.0,0.0,7.0,24.0,7.0,24.7,7.2,0.284,0.545,0.33,0.875,0.276,0.505,0.374,0.362
Seattle Mariners,home,Donovan Solano,456781,777926,"Solano, Donovan",2025.0,37.0,56.0,58.0,8.0,7.0,1.0,0.0,0.0,16.0,1.0,27.6,1.7,0.143,0.161,0.155,0.316,0.17,0.261,0.142,0.191
Seattle Mariners,home,Leody Taveras,665750,777926,"Taveras, Leody",2025.0,26.0,96.0,101.0,22.0,16.0,4.0,1.0,1.0,31.0,2.0,30.7,2.0,0.229,0.323,0.242,0.565,0.187,0.246,0.247,0.196
Seattle Mariners,home,Ben Williamson,810938,777926,"Williamson, Ben",2025.0,24.0,86.0,89.0,21.0,16.0,4.0,0.0,1.0,22.0,3.0,24.7,3.4,0.244,0.326,0.27,0.596,0.257,0.387,0.265,0.291
New York Yankees,away,Trent Grisham,663757,777926,"Grisham, Trent",2025.0,28.0,104.0,118.0,30.0,16.0,1.0,1.0,12.0,22.0,13.0,18.6,11.0,0.288,0.663,0.373,1.036,0.287,0.632,0.44,0.422
New York Yankees,away,Aaron Judge,592450,777926,"Judge, Aaron",2025.0,33.0,157.0,186.0,65.0,37.0,12.0,2.0,14.0,38.0,26.0,20.4,14.0,0.414,0.783,0.5,1.283,0.362,0.799,0.534,0.51
New York Yankees,away,Cody Bellinger,641355,777926,"Bellinger, Cody",2025.0,29.0,135.0,155.0,31.0,21.0,4.0,1.0,5.0,31.0,16.0,20.0,10.3,0.23,0.385,0.303,0.688,0.237,0.418,0.303,0.324
New York Yankees,away,Paul Goldschmidt,502671,777926,"Goldschmidt, Paul",2025.0,37.0,157.0,172.0,55.0,40.0,11.0,0.0,4.0,30.0,12.0,17.4,7.0,0.35,0.497,0.398,0.895,0.299,0.505,0.389,0.363
New York Yankees,away,Austin Wells,669224,777926,"Wells, Austin",2025.0,25.0,121.0,139.0,26.0,11.0,6.0,1.0,8.0,27.0,10.0,19.4,7.2,0.215,0.479,0.281,0.76,0.227,0.467,0.323,0.328
New York Yankees,away,Anthony Volpe,683011,777926,"Volpe, Anthony",2025.0,24.0,147.0,170.0,36.0,19.0,11.0,0.0,6.0,43.0,19.0,25.3,11.2,0.245,0.442,0.335,0.777,0.256,0.453,0.342,0.351
New York Yankees,away,Jasson Domínguez,691176,777926,"Domínguez, Jasson",2025.0,22.0,116.0,134.0,29.0,16.0,8.0,0.0,5.0,41.0,16.0,30.6,11.9,0.25,0.448,0.343,0.791,0.236,0.404,0.349,0.324
New York Yankees,away,Oswald Peraza,672724,777926,"Peraza, Oswald",2025.0,25.0,49.0,54.0,10.0,5.0,3.0,0.0,2.0,14.0,4.0,25.9,7.4,0.204,0.388,0.278,0.666,0.237,0.42,0.296,0.319
New York Yankees,away,Jorbit Vivas,678391,777926,"Vivas, Jorbit",2025.0,24.0,19.0,24.0,3.0,2.0,1.0,0.0,0.0,7.0,4.0,29.2,16.7,0.158,0.211,0.304,0.515,0.184,0.218,0.254,0.267
San Francisco Giants,home,Mike Yastrzemski,573262,777930,"Yastrzemski, Mike",2025.0,34.0,130.0,151.0,35.0,23.0,7.0,0.0,5.0,30.0,20.0,19.9,13.2,0.269,0.438,0.371,0.809,0.264,0.437,0.359,0.352
San Francisco Giants,home,Matt Chapman,656305,777930,"Chapman, Matt",2025.0,32.0,146.0,176.0,32.0,18.0,6.0,0.0,8.0,48.0,30.0,27.3,17.0,0.219,0.425,0.352,0.777,0.237,0.467,0.348,0.365
San Francisco Giants,home,Heliot Ramos,671218,777930,"Ramos, Heliot",2025.0,25.0,155.0,174.0,45.0,28.0,10.0,0.0,7.0,40.0,13.0,23.0,7.5,0.29,0.49,0.356,0.846,0.267,0.512,0.37,0.364
San Francisco Giants,home,Jung Hoo Lee,808982,777930,"Lee, Jung Hoo",2025.0,26.0,158.0,172.0,45.0,28.0,11.0,2.0,4.0,21.0,11.0,12.2,6.4,0.285,0.456,0.331,0.787,0.299,0.437,0.343,0.343
San Francisco Giants,home,Wilmer Flores,527038,777930,"Flores, Wilmer",2025.0,33.0,144.0,155.0,35.0,26.0,2.0,0.0,7.0,32.0,10.0,20.6,6.5,0.243,0.403,0.297,0.7,0.231,0.359,0.31,0.284
San Francisco Giants,home,Willy Adames,642715,777930,"Adames, Willy",2025.0,29.0,165.0,186.0,36.0,24.0,8.0,0.0,4.0,49.0,18.0,26.3,9.7,0.218,0.339,0.296,0.635,0.209,0.385,0.286,0.298
San Francisco Giants,home,LaMonte Wade Jr.,664774,777930,"Wade Jr., LaMonte",2025.0,31.0,110.0,127.0,16.0,8.0,6.0,1.0,1.0,29.0,15.0,22.8,11.8,0.145,0.245,0.246,0.491,0.201,0.304,0.226,0.269
San Francisco Giants,home,Patrick Bailey,672275,777930,"Bailey, Patrick",2025.0,26.0,109.0,118.0,20.0,13.0,6.0,1.0,0.0,40.0,6.0,33.9,5.1,0.183,0.257,0.22,0.477,0.18,0.302,0.212,0.228
San Francisco Giants,home,Christian Koss,683766,777930,"Koss, Christian",2025.0,27.0,50.0,55.0,11.0,11.0,0.0,0.0,0.0,14.0,3.0,25.5,5.5,0.22,0.22,0.278,0.498,0.269,0.416,0.234,0.324
Arizona Diamondbacks,away,Ketel Marte,606466,777930,"Marte, Ketel",2025.0,31.0,57.0,68.0,15.0,8.0,4.0,0.0,3.0,9.0,11.0,13.2,16.2,0.263,0.491,0.382,0.873,0.305,0.511,0.375,0.395
Arizona Diamondbacks,away,Corbin Carroll,682998,777930,"Carroll, Corbin",2025.0,24.0,174.0,194.0,49.0,23.0,8.0,5.0,13.0,47.0,16.0,24.2,8.2,0.282,0.609,0.356,0.965,0.293,0.632,0.411,0.419
Arizona Diamondbacks,away,Randal Grichuk,545341,777930,"Grichuk, Randal",2025.0,33.0,56.0,60.0,12.0,3.0,8.0,0.0,1.0,15.0,4.0,25.0,6.7,0.214,0.411,0.267,0.678,0.242,0.419,0.289,0.3
Arizona Diamondbacks,away,Eugenio Suárez,553993,777930,"Suárez, Eugenio",2025.0,33.0,150.0,171.0,30.0,11.0,7.0,0.0,12.0,45.0,16.0,26.3,9.4,0.2,0.487,0.292,0.779,0.234,0.548,0.336,0.374
Arizona Diamondbacks,away,Josh Naylor,647304,777930,"Naylor, Josh",2025.0,28.0,154.0,176.0,45.0,30.0,11.0,0.0,4.0,23.0,18.0,13.1,10.2,0.292,0.442,0.366,0.808,0.279,0.438,0.355,0.347
Arizona Diamondbacks,away,Gabriel Moreno,672515,777930,"Moreno, Gabriel",2025.0,25.0,104.0,115.0,26.0,22.0,3.0,0.0,1.0,20.0,10.0,17.4,8.7,0.25,0.308,0.322,0.63,0.284,0.408,0.289,0.335
Arizona Diamondbacks,away,Lourdes Gurriel Jr.,666971,777930,"Gurriel Jr., Lourdes",2025.0,31.0,149.0,159.0,32.0,15.0,10.0,0.0,7.0,22.0,5.0,13.8,3.1,0.215,0.423,0.239,0.662,0.256,0.459,0.282,0.314
Arizona Diamondbacks,away,Jordan Lawlar,691783,777930,0,0.0,0.0,0.0,0.0,0.0,0.0,0.0,0.0,0.0,0.0,0.0,0.0,0.0,0.0,0.0,0.0,0.0,0.0,0.0,0.0,0.0
Arizona Diamondbacks,away,Tim Tawa,694374,777930,"Tawa, Tim",2025.0,26.0,72.0,85.0,14.0,7.0,2.0,0.0,5.0,19.0,10.0,22.4,11.8,0.194,0.431,0.294,0.725,0.258,0.47,0.317,0.362
Los Angeles Dodgers,home,Shohei Ohtani,660271,777937,"Ohtani, Shohei",2025.0,30.0,156.0,183.0,48.0,24.0,8.0,4.0,12.0,46.0,27.0,25.1,14.8,0.308,0.641,0.41,1.051,0.33,0.753,0.442,0.484
Los Angeles Dodgers,home,Mookie Betts,605141,777937,"Betts, Mookie",2025.0,32.0,147.0,168.0,40.0,29.0,4.0,1.0,6.0,16.0,18.0,9.5,10.7,0.272,0.435,0.351,0.786,0.274,0.399,0.348,0.332
Los Angeles Dodgers,home,Will Smith,669257,777937,"Smith, Will",2025.0,30.0,105.0,129.0,33.0,22.0,8.0,0.0,3.0,28.0,20.0,21.7,15.5,0.314,0.476,0.419,0.895,0.273,0.511,0.394,0.385
Los Angeles Dodgers,home,Freddie Freeman,518692,777937,"Freeman, Freddie",2025.0,35.0,109.0,126.0,41.0,21.0,10.0,1.0,9.0,20.0,13.0,15.9,10.3,0.376,0.734,0.437,1.171,0.327,0.641,0.486,0.437
Los Angeles Dodgers,home,Andy Pages,681624,777937,"Pages, Andy",2025.0,24.0,140.0,152.0,40.0,27.0,6.0,1.0,6.0,36.0,9.0,23.7,5.9,0.286,0.471,0.342,0.813,0.245,0.393,0.357,0.306
Los Angeles Dodgers,home,Enrique Hernández,571771,777937,"Hernández, Enrique",2025.0,33.0,84.0,92.0,18.0,10.0,2.0,0.0,6.0,24.0,6.0,26.1,6.5,0.214,0.452,0.264,0.716,0.236,0.465,0.309,0.32
Los Angeles Dodgers,home,Michael Conforto,624424,777937,"Conforto, Michael",2025.0,32.0,118.0,141.0,18.0,11.0,5.0,0.0,2.0,41.0,20.0,29.1,14.2,0.153,0.246,0.291,0.537,0.214,0.349,0.259,0.316
Los Angeles Dodgers,home,Miguel Rojas,500743,777937,"Rojas, Miguel",2025.0,36.0,56.0,58.0,15.0,12.0,2.0,0.0,1.0,9.0,2.0,15.5,3.4,0.268,0.357,0.293,0.65,0.268,0.344,0.289,0.28
Los Angeles Dodgers,home,Chris Taylor,621035,777937,"Taylor, Chris",2025.0,34.0,28.0,28.0,6.0,5.0,1.0,0.0,0.0,11.0,0.0,39.3,0.0,0.214,0.25,0.214,0.464,0.188,0.223,0.205,0.179
Athletics,away,Jacob Wilson,805779,777937,"Wilson Jr., Jacob",2025.0,23.0,155.0,163.0,54.0,42.0,9.0,0.0,3.0,9.0,7.0,5.5,4.3,0.348,0.465,0.377,0.842,0.317,0.392,0.371,0.324
Athletics,away,Tyler Soderstrom,691016,777937,"Soderstrom, Tyler",2025.0,23.0,156.0,172.0,45.0,29.0,7.0,0.0,9.0,38.0,14.0,22.1,8.1,0.288,0.506,0.349,0.855,0.304,0.551,0.372,0.389
Athletics,away,Brent Rooker,667670,777937,"Rooker Jr., Brent",2025.0,30.0,166.0,181.0,42.0,24.0,7.0,1.0,10.0,47.0,13.0,26.0,7.2,0.253,0.488,0.315,0.803,0.281,0.548,0.35,0.379
Athletics,away,Shea Langeliers,669127,777937,"Langeliers, Shea",2025.0,27.0,133.0,147.0,33.0,20.0,5.0,0.0,8.0,21.0,12.0,14.3,8.2,0.248,0.466,0.306,0.772,0.281,0.489,0.333,0.355
Athletics,away,Lawrence Butler,671732,777937,"Butler, Lawrence",2025.0,24.0,154.0,168.0,36.0,23.0,7.0,0.0,6.0,43.0,14.0,25.6,8.3,0.234,0.396,0.298,0.694,0.221,0.428,0.308,0.309
Athletics,away,Miguel Andujar,609280,777937,"Andujar, Miguel",2025.0,30.0,108.0,116.0,33.0,27.0,3.0,1.0,2.0,13.0,6.0,11.2,5.2,0.306,0.407,0.336,0.743,0.276,0.377,0.327,0.309
Athletics,away,JJ Bleday,668709,777937,"Bleday, JJ",2025.0,27.0,139.0,160.0,30.0,16.0,9.0,0.0,5.0,34.0,20.0,21.3,12.5,0.216,0.388,0.313,0.701,0.209,0.333,0.311,0.289
Athletics,away,Luis Urías,649966,777937,"Urías, Luis",2025.0,28.0,81.0,97.0,21.0,15.0,0.0,0.0,6.0,11.0,11.0,11.3,11.3,0.259,0.481,0.347,0.828,0.241,0.404,0.361,0.331
Athletics,away,Nick Kurtz,701762,777937,"Kurtz, Nick",2025.0,22.0,52.0,59.0,14.0,12.0,1.0,1.0,0.0,23.0,5.0,39.0,8.5,0.269,0.327,0.322,0.649,0.243,0.33,0.29,0.278
