team,side,player_name,player_id,game_id,"last_name, first_name",year,player_age,ab,pa,hit,single,double,triple,home_run,strikeout,walk,k_percent,bb_percent,batting_avg,slg_percent,on_base_percent,on_base_plus_slg,xba,xslg,woba,xwoba,sprint_speed
New York Yankees,home,Paul Goldschmidt,502671,777142,"Goldschmidt, Paul",2025.0,37.0,326.0,359.0,96.0,65.0,22.0,1.0,8.0,60.0,28.0,16.7,7.8,0.294,0.442,0.353,0.795,0.285,0.483,0.343,0.352,26.4
New York Yankees,home,Cody Bellinger,641355,777142,"Bellinger, Cody",2025.0,29.0,333.0,368.0,95.0,59.0,17.0,3.0,16.0,53.0,29.0,14.4,7.9,0.285,0.498,0.34,0.838,0.274,0.461,0.358,0.342,28.4
New York Yankees,home,Aaron Judge,592450,777142,"Judge, Aaron",2025.0,33.0,345.0,422.0,122.0,64.0,22.0,2.0,34.0,107.0,69.0,25.4,16.4,0.354,0.725,0.462,1.187,0.311,0.724,0.481,0.462,26.9
New York Yankees,home,Giancarlo Stanton,519317,777142,"Stanton, Giancarlo",2025.0,35.0,63.0,71.0,16.0,11.0,2.0,0.0,3.0,22.0,8.0,31.0,11.3,0.254,0.429,0.338,0.767,0.215,0.384,0.338,0.303,23.9
New York Yankees,home,Jazz Chisholm Jr.,665862,777142,"Chisholm Jr., Jazz",2025.0,27.0,226.0,264.0,57.0,30.0,10.0,0.0,17.0,71.0,31.0,26.9,11.7,0.252,0.522,0.35,0.872,0.257,0.561,0.375,0.388,27.6
New York Yankees,home,Trent Grisham,663757,777142,"Grisham, Trent",2025.0,28.0,263.0,305.0,67.0,43.0,7.0,1.0,16.0,70.0,41.0,23.0,13.4,0.255,0.471,0.357,0.828,0.261,0.509,0.362,0.375,27.0
New York Yankees,home,Anthony Volpe,683011,777142,"Volpe, Anthony",2025.0,24.0,335.0,378.0,72.0,37.0,22.0,3.0,10.0,91.0,34.0,24.1,9.0,0.215,0.388,0.289,0.677,0.232,0.401,0.296,0.309,28.4
New York Yankees,home,Austin Wells,669224,777142,"Wells, Austin",2025.0,25.0,251.0,283.0,57.0,27.0,15.0,1.0,14.0,67.0,19.0,23.7,6.7,0.227,0.462,0.286,0.748,0.224,0.421,0.318,0.306,26.6
New York Yankees,home,Oswald Peraza,672724,777142,"Peraza, Oswald",2025.0,25.0,143.0,155.0,23.0,15.0,5.0,0.0,3.0,43.0,11.0,27.7,7.1,0.161,0.259,0.226,0.485,0.221,0.359,0.22,0.283,29.2
Chicago Cubs,away,Nico Hoerner,663538,777142,"Hoerner, Nico",2025.0,28.0,342.0,369.0,98.0,75.0,18.0,2.0,3.0,24.0,20.0,6.5,5.4,0.287,0.377,0.333,0.71,0.278,0.366,0.314,0.304,28.4
Chicago Cubs,away,Kyle Tucker,663656,777142,"Tucker, Kyle",2025.0,28.0,349.0,413.0,99.0,59.0,19.0,4.0,17.0,58.0,58.0,14.0,14.0,0.284,0.507,0.386,0.893,0.29,0.536,0.381,0.392,26.6
Chicago Cubs,away,Seiya Suzuki,673548,777142,"Suzuki, Seiya",2025.0,30.0,360.0,398.0,94.0,44.0,22.0,3.0,25.0,108.0,33.0,27.1,8.3,0.261,0.547,0.319,0.866,0.27,0.541,0.365,0.367,28.0
Chicago Cubs,away,Carson Kelly,608348,777142,"Kelly, Carson",2025.0,30.0,192.0,226.0,51.0,29.0,10.0,1.0,11.0,36.0,31.0,15.9,13.7,0.266,0.5,0.367,0.867,0.261,0.475,0.375,0.363,26.0
Chicago Cubs,away,Pete Crow-Armstrong,691718,777142,"Crow-Armstrong, Pete",2025.0,23.0,364.0,392.0,98.0,48.0,21.0,4.0,25.0,91.0,18.0,23.2,4.6,0.269,0.555,0.307,0.862,0.264,0.533,0.365,0.354,29.6
Chicago Cubs,away,Dansby Swanson,621020,777142,"Swanson, Dansby",2025.0,31.0,360.0,392.0,91.0,61.0,13.0,2.0,15.0,104.0,27.0,26.5,6.9,0.253,0.425,0.302,0.727,0.272,0.48,0.314,0.346,28.3
Chicago Cubs,away,Ian Happ,664023,777142,"Happ, Ian",2025.0,30.0,340.0,394.0,76.0,49.0,15.0,0.0,12.0,90.0,50.0,22.8,12.7,0.224,0.374,0.322,0.696,0.252,0.424,0.311,0.341,27.2
Chicago Cubs,away,Justin Turner,457759,777142,"Turner, Justin",2025.0,40.0,111.0,129.0,24.0,19.0,3.0,0.0,2.0,22.0,13.0,17.1,10.1,0.216,0.297,0.295,0.592,0.245,0.37,0.267,0.31,25.3
Chicago Cubs,away,Jon Berti,542932,777142,"Berti, Jon",2025.0,35.0,93.0,99.0,20.0,18.0,2.0,0.0,0.0,21.0,4.0,21.2,4.0,0.215,0.237,0.263,0.5,0.263,0.338,0.229,0.287,28.4
Detroit Tigers,home,Colt Keith,690993,777145,"Keith, Colt",2025.0,23.0,252.0,287.0,67.0,41.0,16.0,2.0,8.0,58.0,31.0,20.2,10.8,0.266,0.44,0.345,0.785,0.278,0.487,0.343,0.368,28.0
Detroit Tigers,home,Gleyber Torres,650402,777145,"Torres, Gleyber",2025.0,28.0,291.0,350.0,79.0,56.0,14.0,0.0,9.0,45.0,51.0,12.9,14.6,0.271,0.412,0.383,0.795,0.29,0.504,0.354,0.39,26.1
Detroit Tigers,home,Wenceel Pérez,672761,777145,"Pérez, Wenceel",2025.0,25.0,124.0,135.0,33.0,17.0,7.0,2.0,7.0,28.0,8.0,20.7,5.9,0.266,0.524,0.319,0.843,0.268,0.49,0.359,0.347,27.6
Detroit Tigers,home,Riley Greene,682985,777145,"Greene, Riley",2025.0,24.0,359.0,389.0,101.0,57.0,21.0,1.0,22.0,123.0,27.0,31.6,6.9,0.281,0.529,0.334,0.863,0.259,0.53,0.369,0.357,26.8
Detroit Tigers,home,Spencer Torkelson,679529,777145,"Torkelson, Spencer",2025.0,25.0,319.0,374.0,75.0,34.0,20.0,0.0,21.0,89.0,42.0,23.8,11.2,0.235,0.495,0.334,0.829,0.239,0.519,0.352,0.363,26.6
Detroit Tigers,home,Zach McKinstry,656716,777145,"McKinstry, Zach",2025.0,30.0,282.0,323.0,81.0,52.0,14.0,8.0,7.0,70.0,32.0,21.7,9.9,0.287,0.468,0.363,0.831,0.269,0.378,0.359,0.323,28.2
Detroit Tigers,home,Matt Vierling,663837,777145,"Vierling, Matt",2025.0,28.0,32.0,41.0,5.0,4.0,1.0,0.0,0.0,7.0,6.0,17.1,14.6,0.156,0.188,0.317,0.505,0.189,0.35,0.254,0.327,27.4
Detroit Tigers,home,Trey Sweeney,700242,777145,"Sweeney, Trey",2025.0,25.0,218.0,244.0,47.0,36.0,5.0,1.0,5.0,62.0,22.0,25.4,9.0,0.216,0.317,0.283,0.6,0.212,0.32,0.268,0.268,28.4
Detroit Tigers,home,Jake Rogers,668670,777145,"Rogers, Jake",2025.0,30.0,62.0,75.0,11.0,7.0,2.0,1.0,1.0,17.0,11.0,22.7,14.7,0.177,0.29,0.297,0.587,0.196,0.32,0.27,0.293,26.8
Seattle Mariners,away,J.P. Crawford,641487,777145,"Crawford, J.P.",2025.0,30.0,335.0,398.0,96.0,77.0,12.0,0.0,7.0,67.0,54.0,16.8,13.6,0.287,0.385,0.389,0.774,0.279,0.406,0.349,0.351,26.6
Seattle Mariners,away,Julio Rodríguez,677594,777145,"Rodríguez, Julio",2025.0,24.0,385.0,420.0,94.0,64.0,15.0,3.0,12.0,91.0,25.0,21.7,6.0,0.244,0.392,0.302,0.694,0.262,0.443,0.304,0.33,29.2
Seattle Mariners,away,Cal Raleigh,663728,777145,"Raleigh, Cal",2025.0,28.0,341.0,406.0,90.0,36.0,16.0,0.0,38.0,103.0,58.0,25.4,14.3,0.264,0.645,0.377,1.022,0.244,0.571,0.421,0.386,26.0
Seattle Mariners,away,Randy Arozarena,668227,777145,"Arozarena, Randy",2025.0,30.0,340.0,401.0,83.0,47.0,20.0,1.0,15.0,109.0,43.0,27.2,10.7,0.244,0.441,0.352,0.793,0.25,0.451,0.348,0.356,27.7
Seattle Mariners,away,Jorge Polanco,593871,777145,"Polanco, Jorge",2025.0,31.0,259.0,286.0,66.0,40.0,12.0,0.0,14.0,39.0,20.0,13.6,7.0,0.255,0.463,0.312,0.775,0.29,0.475,0.335,0.355,25.9
Seattle Mariners,away,Luke Raley,670042,777145,"Raley, Luke",2025.0,30.0,121.0,146.0,27.0,18.0,6.0,0.0,3.0,35.0,14.0,24.0,9.6,0.223,0.347,0.345,0.692,0.252,0.416,0.316,0.354,28.7
Seattle Mariners,away,Dominic Canzone,686527,777145,"Canzone, Dominic",2025.0,27.0,85.0,88.0,26.0,16.0,4.0,0.0,6.0,15.0,3.0,17.0,3.4,0.306,0.565,0.33,0.895,0.302,0.577,0.382,0.382,26.8
Seattle Mariners,away,Ben Williamson,810938,777145,"Williamson, Ben",2025.0,24.0,235.0,248.0,60.0,47.0,12.0,0.0,1.0,59.0,11.0,23.8,4.4,0.255,0.319,0.291,0.61,0.231,0.311,0.272,0.257,28.0
Seattle Mariners,away,Cole Young,702284,777145,"Young, Cole",2025.0,21.0,111.0,120.0,27.0,22.0,4.0,0.0,1.0,28.0,5.0,23.3,4.2,0.243,0.306,0.286,0.592,0.218,0.321,0.261,0.253,27.6
Minnesota Twins,home,Byron Buxton,621439,777134,"Buxton, Byron",2025.0,31.0,289.0,324.0,79.0,44.0,12.0,3.0,20.0,87.0,27.0,26.9,8.3,0.273,0.543,0.34,0.883,0.25,0.508,0.373,0.353,30.3
Minnesota Twins,home,Willi Castro,650489,777134,"Castro, Willi",2025.0,28.0,245.0,281.0,64.0,41.0,14.0,1.0,8.0,69.0,28.0,24.6,10.0,0.261,0.424,0.354,0.778,0.254,0.392,0.343,0.328,28.1
Minnesota Twins,home,Trevor Larnach,663616,777134,"Larnach, Trevor",2025.0,28.0,324.0,358.0,81.0,52.0,15.0,1.0,13.0,81.0,28.0,22.6,7.8,0.25,0.423,0.314,0.737,0.257,0.42,0.321,0.322,26.0
Minnesota Twins,home,Ryan Jeffers,680777,777134,"Jeffers, Ryan",2025.0,28.0,246.0,283.0,61.0,37.0,17.0,0.0,7.0,50.0,32.0,17.7,11.3,0.248,0.402,0.346,0.748,0.265,0.467,0.332,0.359,25.7
Minnesota Twins,home,Brooks Lee,686797,777134,"Lee, Brooks",2025.0,24.0,273.0,290.0,71.0,54.0,9.0,0.0,8.0,57.0,12.0,19.7,4.1,0.26,0.381,0.293,0.674,0.241,0.378,0.294,0.286,25.7
Minnesota Twins,home,Matt Wallner,670242,777134,"Wallner, Matt",2025.0,27.0,169.0,194.0,34.0,14.0,9.0,2.0,9.0,59.0,21.0,30.4,10.8,0.201,0.438,0.299,0.737,0.22,0.432,0.32,0.327,27.0
Minnesota Twins,home,Royce Lewis,668904,777134,"Lewis, Royce",2025.0,26.0,131.0,144.0,30.0,22.0,6.0,0.0,2.0,20.0,12.0,13.9,8.3,0.229,0.321,0.292,0.613,0.274,0.462,0.274,0.343,26.2
Minnesota Twins,home,Ty France,664034,777134,"France, Ty",2025.0,30.0,317.0,346.0,80.0,58.0,16.0,0.0,6.0,55.0,14.0,15.9,4.0,0.252,0.36,0.312,0.672,0.268,0.454,0.3,0.34,24.9
Minnesota Twins,home,Kody Clemens,665019,777134,"Clemens, Kody",2025.0,29.0,144.0,164.0,30.0,13.0,5.0,1.0,11.0,41.0,14.0,25.0,8.5,0.208,0.486,0.294,0.78,0.256,0.524,0.335,0.367,27.3
Pittsburgh Pirates,away,Spencer Horwitz,687462,777134,"Horwitz, Spencer",2025.0,27.0,156.0,171.0,38.0,26.0,10.0,0.0,2.0,41.0,13.0,24.0,7.6,0.244,0.346,0.304,0.65,0.24,0.383,0.287,0.299,25.2
Pittsburgh Pirates,away,Andrew McCutchen,457705,777134,"McCutchen, Andrew",2025.0,38.0,294.0,336.0,76.0,54.0,14.0,0.0,8.0,72.0,35.0,21.4,10.4,0.259,0.388,0.338,0.726,0.277,0.445,0.321,0.347,27.2
Pittsburgh Pirates,away,Bryan Reynolds,668804,777134,"Reynolds, Bryan",2025.0,30.0,348.0,383.0,78.0,50.0,16.0,2.0,10.0,104.0,30.0,27.2,7.8,0.224,0.368,0.287,0.655,0.271,0.493,0.287,0.353,27.9
Pittsburgh Pirates,away,Nick Gonzales,693304,777134,"Gonzales, Nick",2025.0,26.0,124.0,136.0,34.0,23.0,5.0,2.0,4.0,21.0,11.0,15.4,8.1,0.274,0.444,0.331,0.775,0.292,0.462,0.336,0.351,28.9
Pittsburgh Pirates,away,Oneil Cruz,665833,777134,"Cruz, Oneil",2025.0,26.0,303.0,355.0,63.0,34.0,12.0,1.0,16.0,115.0,46.0,32.4,13.0,0.208,0.413,0.315,0.728,0.244,0.491,0.316,0.364,29.3
Pittsburgh Pirates,away,Ke'Bryan Hayes,663647,777134,"Hayes, Ke'Bryan",2025.0,28.0,320.0,342.0,76.0,64.0,8.0,2.0,2.0,73.0,17.0,21.3,5.0,0.237,0.294,0.284,0.578,0.243,0.353,0.26,0.284,27.1
Pittsburgh Pirates,away,Jack Suwinski,669261,777134,"Suwinski, Jack",2025.0,26.0,46.0,54.0,5.0,4.0,1.0,0.0,0.0,22.0,8.0,40.7,14.8,0.109,0.13,0.241,0.371,0.199,0.354,0.182,0.294,27.3
Pittsburgh Pirates,away,Joey Bart,663698,777134,"Bart, Joey",2025.0,28.0,187.0,215.0,43.0,36.0,5.0,1.0,1.0,58.0,25.0,27.0,11.6,0.23,0.283,0.33,0.613,0.224,0.377,0.285,0.313,26.5
Pittsburgh Pirates,away,Isiah Kiner-Falefa,643396,777134,"Kiner-Falefa, Isiah",2025.0,30.0,270.0,292.0,72.0,58.0,11.0,2.0,1.0,46.0,14.0,15.8,4.8,0.267,0.333,0.311,0.644,0.257,0.315,0.287,0.278,27.4
St. Louis Cardinals,home,Brendan Donovan,680977,777133,"Donovan, Brendan",2025.0,28.0,336.0,379.0,99.0,69.0,22.0,0.0,8.0,51.0,33.0,13.5,8.7,0.295,0.432,0.365,0.797,0.299,0.474,0.348,0.366,26.6
St. Louis Cardinals,home,Masyn Winn,691026,777133,"Winn, Masyn",2025.0,23.0,317.0,349.0,82.0,56.0,19.0,0.0,7.0,61.0,26.0,17.5,7.4,0.259,0.385,0.319,0.704,0.255,0.375,0.311,0.304,28.4
St. Louis Cardinals,home,Willson Contreras,575929,777133,"Contreras, Willson",2025.0,33.0,328.0,376.0,84.0,51.0,21.0,0.0,12.0,90.0,31.0,23.9,8.2,0.256,0.43,0.344,0.774,0.272,0.507,0.34,0.372,27.3
St. Louis Cardinals,home,Alec Burleson,676475,777133,"Burleson, Alec",2025.0,26.0,284.0,308.0,83.0,55.0,17.0,0.0,11.0,41.0,20.0,13.3,6.5,0.292,0.468,0.336,0.804,0.285,0.472,0.346,0.35,25.1
St. Louis Cardinals,home,Yohel Pozo,650968,777133,"Pozo, Yohel",2025.0,28.0,89.0,93.0,27.0,19.0,5.0,0.0,3.0,8.0,3.0,8.6,3.2,0.303,0.461,0.323,0.784,0.282,0.398,0.337,0.303,24.6
St. Louis Cardinals,home,Lars Nootbaar,663457,777133,"Nootbaar, Lars",2025.0,27.0,329.0,384.0,75.0,48.0,15.0,0.0,12.0,82.0,48.0,21.4,12.5,0.228,0.383,0.333,0.716,0.24,0.411,0.318,0.331,27.2
St. Louis Cardinals,home,Thomas Saggese,695336,777133,"Saggese, Thomas",2025.0,23.0,79.0,82.0,19.0,13.0,5.0,0.0,1.0,19.0,2.0,23.2,2.4,0.241,0.342,0.256,0.598,0.236,0.354,0.259,0.261,28.6
St. Louis Cardinals,home,Nolan Gorman,669357,777133,"Gorman, Nolan",2025.0,25.0,192.0,222.0,41.0,24.0,8.0,1.0,8.0,66.0,27.0,29.7,12.2,0.214,0.391,0.306,0.697,0.232,0.462,0.305,0.342,26.0
St. Louis Cardinals,home,Victor Scott II,687363,777133,"Scott II, Victor",2025.0,24.0,275.0,315.0,65.0,50.0,10.0,1.0,4.0,86.0,26.0,27.3,8.3,0.236,0.324,0.318,0.642,0.231,0.317,0.291,0.287,30.1
Atlanta Braves,away,Jurickson Profar,595777,777133,"Profar, Jurickson",2025.0,32.0,53.0,54.0,13.0,7.0,3.0,0.0,3.0,12.0,1.0,22.2,1.9,0.245,0.472,0.259,0.731,0.196,0.346,0.312,0.239,25.0
Atlanta Braves,away,Matt Olson,621566,777133,"Olson, Matt",2025.0,31.0,350.0,410.0,92.0,52.0,23.0,0.0,17.0,96.0,55.0,23.4,13.4,0.263,0.474,0.363,0.837,0.268,0.53,0.363,0.384,25.2
Atlanta Braves,away,Ronald Acuña Jr.,660670,777133,"Acuña Jr., Ronald",2025.0,27.0,153.0,184.0,51.0,33.0,7.0,0.0,11.0,48.0,31.0,26.1,16.8,0.333,0.595,0.446,1.041,0.278,0.571,0.444,0.41,27.9
Atlanta Braves,away,Sean Murphy,669221,777133,"Murphy, Sean",2025.0,30.0,191.0,216.0,45.0,22.0,8.0,0.0,15.0,69.0,18.0,31.9,8.3,0.236,0.513,0.315,0.828,0.229,0.49,0.353,0.347,24.5
Atlanta Braves,away,Marcell Ozuna,542303,777133,"Ozuna, Marcell",2025.0,34.0,314.0,384.0,74.0,51.0,11.0,0.0,12.0,86.0,63.0,22.4,16.4,0.236,0.385,0.363,0.748,0.263,0.477,0.334,0.374,25.0
Atlanta Braves,away,Ozzie Albies,645277,777133,"Albies, Ozzie",2025.0,28.0,356.0,395.0,78.0,58.0,12.0,1.0,7.0,61.0,33.0,15.4,8.4,0.219,0.317,0.291,0.608,0.234,0.345,0.274,0.291,27.3
Atlanta Braves,away,Nacho Alvarez Jr.,805373,777133,0,0.0,0.0,0.0,0.0,0.0,0.0,0.0,0.0,0.0,0.0,0.0,0.0,0.0,0.0,0.0,0.0,0.0,0.0,0.0,0.0,0.0,0.0
Atlanta Braves,away,Michael Harris II,671739,777133,"Harris II, Michael",2025.0,24.0,340.0,360.0,70.0,49.0,12.0,3.0,6.0,76.0,10.0,21.1,2.8,0.206,0.312,0.23,0.542,0.256,0.389,0.234,0.292,28.4
Atlanta Braves,away,Nick Allen,669397,777133,"Allen, Nick",2025.0,26.0,243.0,277.0,58.0,50.0,8.0,0.0,0.0,61.0,24.0,22.0,8.7,0.239,0.272,0.311,0.583,0.233,0.277,0.268,0.267,27.3
San Francisco Giants,home,Mike Yastrzemski,573262,777127,"Yastrzemski, Mike",2025.0,34.0,286.0,330.0,70.0,47.0,14.0,1.0,8.0,76.0,41.0,23.0,12.4,0.245,0.385,0.34,0.725,0.236,0.385,0.319,0.314,26.9
San Francisco Giants,home,Heliot Ramos,671218,777127,"Ramos, Heliot",2025.0,25.0,358.0,404.0,95.0,63.0,17.0,1.0,14.0,95.0,31.0,23.5,7.7,0.265,0.436,0.339,0.775,0.25,0.448,0.338,0.337,27.4
San Francisco Giants,home,Rafael Devers,646240,777127,"Devers, Rafael",2025.0,28.0,354.0,434.0,92.0,52.0,23.0,0.0,17.0,107.0,72.0,24.7,16.6,0.26,0.469,0.389,0.858,0.26,0.494,0.371,0.382,25.5
San Francisco Giants,home,Matt Chapman,656305,777127,"Chapman, Matt",2025.0,32.0,253.0,298.0,61.0,36.0,13.0,0.0,12.0,70.0,42.0,23.5,14.1,0.241,0.435,0.356,0.791,0.256,0.462,0.35,0.363,28.3
San Francisco Giants,home,Willy Adames,642715,777127,"Adames, Willy",2025.0,29.0,346.0,399.0,78.0,50.0,14.0,2.0,12.0,105.0,44.0,26.3,11.0,0.225,0.382,0.312,0.694,0.23,0.44,0.305,0.329,27.8
San Francisco Giants,home,Jung Hoo Lee,808982,777127,"Lee, Jung Hoo",2025.0,26.0,339.0,377.0,85.0,53.0,18.0,8.0,6.0,43.0,30.0,11.4,8.0,0.251,0.404,0.316,0.72,0.274,0.391,0.314,0.322,28.1
San Francisco Giants,home,Casey Schmitt,669477,777127,"Schmitt, Casey",2025.0,26.0,110.0,127.0,29.0,20.0,5.0,0.0,4.0,31.0,13.0,24.4,10.2,0.264,0.418,0.357,0.775,0.281,0.469,0.345,0.367,27.3
San Francisco Giants,home,Dominic Smith,642086,777127,"Smith, Dominic",2025.0,30.0,78.0,90.0,19.0,12.0,5.0,0.0,2.0,17.0,8.0,18.9,8.9,0.244,0.385,0.322,0.707,0.236,0.399,0.311,0.315,25.7
San Francisco Giants,home,Patrick Bailey,672275,777127,"Bailey, Patrick",2025.0,26.0,215.0,243.0,43.0,28.0,11.0,2.0,2.0,75.0,20.0,30.9,8.2,0.2,0.298,0.267,0.565,0.203,0.341,0.252,0.271,25.6
Los Angeles Dodgers,away,Shohei Ohtani,660271,777127,"Ohtani, Shohei",2025.0,30.0,363.0,429.0,101.0,50.0,12.0,7.0,32.0,107.0,60.0,24.9,14.0,0.278,0.614,0.383,0.997,0.285,0.65,0.414,0.43,28.0
Los Angeles Dodgers,away,Mookie Betts,605141,777127,"Betts, Mookie",2025.0,32.0,341.0,382.0,85.0,60.0,13.0,1.0,11.0,39.0,35.0,10.2,9.2,0.249,0.39,0.319,0.709,0.265,0.425,0.311,0.33,26.8
Los Angeles Dodgers,away,Freddie Freeman,518692,777127,"Freeman, Freddie",2025.0,35.0,308.0,347.0,91.0,57.0,23.0,1.0,10.0,77.0,33.0,22.2,9.5,0.295,0.474,0.366,0.84,0.28,0.473,0.36,0.355,25.4
Los Angeles Dodgers,away,Teoscar Hernández,606192,777127,"Hernández, Teoscar",2025.0,32.0,284.0,302.0,73.0,41.0,18.0,0.0,14.0,72.0,14.0,23.8,4.6,0.257,0.468,0.292,0.76,0.279,0.496,0.326,0.349,28.0
Los Angeles Dodgers,away,Michael Conforto,624424,777127,"Conforto, Michael",2025.0,32.0,256.0,300.0,45.0,25.0,12.0,0.0,8.0,72.0,35.0,24.0,11.7,0.176,0.316,0.293,0.609,0.24,0.42,0.279,0.34,26.0
Los Angeles Dodgers,away,Andy Pages,681624,777127,"Pages, Andy",2025.0,24.0,343.0,369.0,97.0,64.0,15.0,1.0,17.0,76.0,17.0,20.6,4.6,0.283,0.481,0.322,0.803,0.276,0.461,0.346,0.335,28.3
Los Angeles Dodgers,away,Hyeseong Kim,808975,777127,"Kim, Hyeseong",2025.0,26.0,106.0,113.0,37.0,28.0,6.0,1.0,2.0,27.0,6.0,23.9,5.3,0.349,0.481,0.389,0.87,0.266,0.375,0.38,0.302,28.7
Los Angeles Dodgers,away,Tommy Edman,669242,777127,"Edman, Tommy",2025.0,30.0,256.0,282.0,59.0,35.0,13.0,1.0,10.0,46.0,17.0,16.3,6.0,0.23,0.406,0.287,0.693,0.285,0.444,0.301,0.343,28.5
Los Angeles Dodgers,away,Dalton Rushing,687221,777127,"Rushing, Dalton",2025.0,24.0,65.0,72.0,15.0,11.0,3.0,0.0,1.0,31.0,7.0,43.1,9.7,0.231,0.323,0.306,0.629,0.207,0.359,0.284,0.285,27.7
Baltimore Orioles,home,Jackson Holliday,702616,777141,"Holliday, Jackson",2025.0,21.0,340.0,365.0,88.0,60.0,14.0,2.0,12.0,89.0,20.0,24.4,5.5,0.259,0.418,0.31,0.728,0.265,0.461,0.318,0.335,28.6
Baltimore Orioles,home,Jordan Westburg,676059,777141,"Westburg, Jordan",2025.0,26.0,161.0,174.0,42.0,26.0,5.0,1.0,10.0,44.0,10.0,25.3,5.7,0.261,0.491,0.316,0.807,0.269,0.504,0.348,0.355,29.1
Baltimore Orioles,home,Gunnar Henderson,683002,777141,"Henderson, Gunnar",2025.0,24.0,330.0,365.0,92.0,60.0,18.0,3.0,11.0,89.0,33.0,24.4,9.0,0.279,0.452,0.348,0.8,0.284,0.431,0.346,0.339,28.3
Baltimore Orioles,home,Ryan O'Hearn,656811,777141,"O'Hearn, Ryan",2025.0,31.0,268.0,313.0,77.0,52.0,14.0,0.0,11.0,52.0,38.0,16.6,12.1,0.287,0.463,0.383,0.846,0.301,0.483,0.368,0.379,27.6
Baltimore Orioles,home,Ramón Laureano,657656,777141,"Laureano, Ramón",2025.0,30.0,204.0,230.0,57.0,32.0,15.0,0.0,10.0,60.0,20.0,26.1,8.7,0.279,0.5,0.348,0.848,0.267,0.478,0.363,0.35,27.8
Baltimore Orioles,home,Colton Cowser,681297,777141,"Cowser, Colton",2025.0,25.0,130.0,140.0,29.0,14.0,7.0,0.0,8.0,43.0,6.0,30.7,4.3,0.223,0.462,0.279,0.741,0.224,0.43,0.32,0.307,27.0
Baltimore Orioles,home,Tyler O'Neill,641933,777141,"O'Neill, Tyler",2025.0,30.0,98.0,114.0,18.0,11.0,3.0,1.0,3.0,32.0,11.0,28.1,9.6,0.184,0.327,0.281,0.608,0.207,0.452,0.269,0.321,28.5
Baltimore Orioles,home,Cedric Mullins,656775,777141,"Mullins II, Cedric",2025.0,30.0,269.0,306.0,58.0,31.0,14.0,0.0,13.0,72.0,32.0,23.5,10.5,0.216,0.413,0.302,0.715,0.218,0.363,0.313,0.299,28.4
Baltimore Orioles,home,Jacob Stallings,607732,777141,"Stallings, Jacob",2025.0,35.0,103.0,113.0,15.0,11.0,4.0,0.0,0.0,37.0,6.0,32.7,5.3,0.146,0.184,0.214,0.398,0.169,0.232,0.189,0.215,23.3
Miami Marlins,away,Xavier Edwards,669364,777141,"Edwards, Xavier",2025.0,25.0,309.0,347.0,89.0,76.0,12.0,1.0,0.0,52.0,32.0,15.0,9.2,0.288,0.333,0.355,0.688,0.258,0.321,0.31,0.293,28.0
Miami Marlins,away,Agustín Ramírez,682663,777141,"Ramírez, Agustín",2025.0,23.0,273.0,292.0,66.0,32.0,19.0,1.0,14.0,57.0,18.0,19.5,6.2,0.242,0.473,0.288,0.761,0.277,0.512,0.325,0.353,26.7
Miami Marlins,away,Heriberto Hernandez,681715,777141,"Hernandez, Heriberto",2025.0,25.0,74.0,82.0,25.0,17.0,5.0,0.0,3.0,21.0,7.0,25.6,8.5,0.338,0.527,0.39,0.917,0.313,0.545,0.395,0.388,28.5
Miami Marlins,away,Otto Lopez,672640,777141,"Lopez, Otto",2025.0,26.0,288.0,319.0,72.0,53.0,9.0,0.0,10.0,43.0,28.0,13.5,8.8,0.25,0.385,0.32,0.705,0.294,0.481,0.31,0.362,28.5
Miami Marlins,away,Eric Wagaman,676572,777141,"Wagaman, Eric",2025.0,27.0,319.0,344.0,78.0,52.0,20.0,1.0,5.0,67.0,21.0,19.5,6.1,0.245,0.361,0.288,0.649,0.269,0.422,0.284,0.317,26.8
Miami Marlins,away,Dane Myers,667472,777141,"Myers, Dane",2025.0,29.0,193.0,209.0,54.0,42.0,8.0,0.0,4.0,46.0,13.0,22.0,6.2,0.28,0.383,0.33,0.713,0.281,0.423,0.316,0.329,28.2
Miami Marlins,away,Kyle Stowers,669065,777141,"Stowers, Kyle",2025.0,27.0,297.0,337.0,83.0,51.0,13.0,3.0,16.0,96.0,33.0,28.5,9.8,0.279,0.505,0.354,0.859,0.276,0.543,0.369,0.382,27.1
Miami Marlins,away,Derek Hill,656537,777141,"Hill, Derek",2025.0,29.0,85.0,95.0,17.0,11.0,4.0,0.0,2.0,35.0,7.0,36.8,7.4,0.2,0.318,0.269,0.587,0.213,0.36,0.263,0.283,29.6
Miami Marlins,away,Javier Sanoja,691594,777141,"Sanoja, Javier",2025.0,22.0,172.0,193.0,40.0,27.0,10.0,2.0,1.0,29.0,13.0,15.0,6.7,0.233,0.331,0.28,0.611,0.261,0.347,0.269,0.289,27.6
Cincinnati Reds,home,TJ Friedl,670770,777140,"Friedl Jr., TJ",2025.0,29.0,346.0,402.0,95.0,70.0,15.0,2.0,8.0,65.0,45.0,16.2,11.2,0.275,0.399,0.363,0.762,0.246,0.333,0.339,0.305,26.8
Cincinnati Reds,home,Matt McLain,680574,777140,"McLain, Matt",2025.0,25.0,306.0,348.0,62.0,42.0,10.0,0.0,10.0,96.0,35.0,27.6,10.1,0.203,0.333,0.294,0.627,0.216,0.364,0.283,0.299,29.2
Cincinnati Reds,home,Elly De La Cruz,682829,777140,"De La Cruz, Elly",2025.0,23.0,362.0,407.0,102.0,64.0,17.0,3.0,18.0,100.0,42.0,24.6,10.3,0.282,0.494,0.359,0.853,0.27,0.492,0.363,0.356,29.1
Cincinnati Reds,home,Austin Hays,669720,777140,"Hays, Austin",2025.0,29.0,171.0,184.0,46.0,25.0,9.0,4.0,8.0,50.0,10.0,27.2,5.4,0.269,0.509,0.31,0.819,0.252,0.469,0.346,0.329,27.3
Cincinnati Reds,home,Gavin Lux,666158,777140,"Lux, Gavin",2025.0,27.0,268.0,306.0,70.0,49.0,16.0,1.0,4.0,75.0,38.0,24.5,12.4,0.261,0.373,0.353,0.726,0.24,0.333,0.326,0.302,27.7
Cincinnati Reds,home,Spencer Steer,668715,777140,"Steer, Spencer",2025.0,27.0,316.0,343.0,79.0,52.0,15.0,1.0,11.0,83.0,23.0,24.2,6.7,0.25,0.408,0.306,0.714,0.234,0.351,0.313,0.285,28.3
Cincinnati Reds,home,Will Benson,666181,777140,"Benson, Will",2025.0,27.0,151.0,168.0,33.0,19.0,6.0,0.0,8.0,49.0,12.0,29.2,7.1,0.219,0.417,0.274,0.691,0.277,0.525,0.297,0.369,29.0
Cincinnati Reds,home,Jose Trevino,624431,777140,"Trevino, Jose",2025.0,32.0,170.0,183.0,48.0,27.0,17.0,0.0,4.0,23.0,10.0,12.6,5.5,0.282,0.453,0.319,0.772,0.242,0.352,0.332,0.282,24.3
Cincinnati Reds,home,Noelvi Marte,682622,777140,"Marte, Noelvi",2025.0,23.0,88.0,96.0,26.0,15.0,5.0,1.0,5.0,15.0,7.0,15.6,7.3,0.295,0.545,0.344,0.889,0.262,0.466,0.378,0.336,29.2
Colorado Rockies,away,Tyler Freeman,671289,777140,"Freeman, Tyler",2025.0,26.0,152.0,179.0,51.0,38.0,11.0,1.0,1.0,17.0,18.0,9.5,10.1,0.336,0.441,0.419,0.86,0.314,0.412,0.38,0.368,28.2
Colorado Rockies,away,Ryan McMahon,641857,777140,"McMahon, Ryan",2025.0,30.0,322.0,369.0,69.0,42.0,13.0,1.0,13.0,119.0,45.0,32.2,12.2,0.214,0.382,0.312,0.694,0.226,0.445,0.307,0.333,26.7
Colorado Rockies,away,Hunter Goodman,696100,777140,"Goodman, Hunter",2025.0,25.0,316.0,340.0,88.0,50.0,18.0,3.0,17.0,90.0,20.0,26.5,5.9,0.278,0.516,0.326,0.842,0.256,0.474,0.361,0.334,27.5
Colorado Rockies,away,Jordan Beck,687597,777140,"Beck, Jordan",2025.0,24.0,308.0,333.0,82.0,50.0,18.0,4.0,10.0,92.0,21.0,27.6,6.3,0.266,0.448,0.318,0.766,0.253,0.443,0.332,0.326,28.7
Colorado Rockies,away,Michael Toglia,669911,777140,"Toglia, Michael",2025.0,26.0,268.0,297.0,55.0,30.0,14.0,1.0,10.0,113.0,26.0,38.0,8.8,0.205,0.377,0.276,0.653,0.212,0.373,0.284,0.285,27.0
Colorado Rockies,away,Brenton Doyle,686668,777140,"Doyle, Brenton",2025.0,27.0,300.0,323.0,61.0,40.0,12.0,2.0,7.0,82.0,21.0,25.4,6.5,0.203,0.327,0.254,0.581,0.245,0.42,0.256,0.308,29.4
Colorado Rockies,away,Yanquiel Fernández,692585,777140,"Fernández, Yanquiel",2025.0,22.0,20.0,20.0,5.0,4.0,1.0,0.0,0.0,4.0,0.0,20.0,0.0,0.25,0.3,0.25,0.55,0.186,0.251,0.24,0.19,25.5
Colorado Rockies,away,Orlando Arcia,606115,777140,"Arcia, Orlando",2025.0,30.0,112.0,118.0,21.0,16.0,2.0,1.0,2.0,23.0,6.0,19.5,5.1,0.188,0.277,0.229,0.506,0.207,0.297,0.225,0.242,25.2
Colorado Rockies,away,Ryan Ritter,690022,777140,"Ritter, Ryan",2025.0,24.0,89.0,99.0,20.0,15.0,3.0,2.0,0.0,33.0,7.0,33.3,7.1,0.225,0.303,0.286,0.589,0.198,0.24,0.264,0.234,29.1
Kansas City Royals,home,Jonathan India,663697,777136,"India, Jonathan",2025.0,28.0,334.0,379.0,82.0,59.0,19.0,0.0,4.0,62.0,35.0,16.4,9.2,0.246,0.338,0.328,0.666,0.274,0.416,0.301,0.34,28.1
Kansas City Royals,home,Bobby Witt Jr.,677951,777136,"Witt Jr., Bobby",2025.0,25.0,374.0,412.0,111.0,62.0,32.0,3.0,14.0,79.0,29.0,19.2,7.0,0.297,0.511,0.347,0.858,0.309,0.535,0.362,0.387,30.3
Kansas City Royals,home,Vinnie Pasquantino,686469,777136,"Pasquantino, Vinnie",2025.0,27.0,363.0,396.0,99.0,69.0,14.0,1.0,15.0,66.0,27.0,16.7,6.8,0.273,0.441,0.331,0.772,0.268,0.458,0.335,0.337,25.4
Kansas City Royals,home,Maikel Garcia,672580,777136,"Garcia, Maikel",2025.0,25.0,342.0,378.0,103.0,68.0,24.0,3.0,8.0,50.0,31.0,13.2,8.2,0.301,0.459,0.359,0.818,0.291,0.445,0.356,0.346,27.6
Kansas City Royals,home,Salvador Perez,521692,777136,"Perez, Salvador",2025.0,35.0,351.0,374.0,87.0,50.0,24.0,0.0,13.0,75.0,16.0,20.1,4.3,0.248,0.427,0.288,0.715,0.286,0.53,0.307,0.36,24.8
Kansas City Royals,home,Jac Caglianone,695506,777136,"Caglianone, Jac",2025.0,22.0,123.0,131.0,18.0,10.0,4.0,0.0,4.0,29.0,5.0,22.1,3.8,0.146,0.276,0.198,0.474,0.249,0.445,0.212,0.319,26.6
Kansas City Royals,home,Nick Loftin,679845,777136,"Loftin, Nick",2025.0,26.0,92.0,98.0,18.0,8.0,5.0,2.0,3.0,13.0,4.0,13.3,4.1,0.196,0.391,0.235,0.626,0.253,0.406,0.268,0.3,28.3
Kansas City Royals,home,John Rave,670231,777136,"Rave, John",2025.0,27.0,63.0,75.0,11.0,8.0,3.0,0.0,0.0,20.0,9.0,26.7,12.0,0.175,0.222,0.274,0.496,0.209,0.29,0.234,0.287,29.6
Kansas City Royals,home,Kyle Isbel,664728,777136,"Isbel, Kyle",2025.0,28.0,223.0,244.0,54.0,38.0,9.0,4.0,3.0,47.0,9.0,19.3,3.7,0.242,0.359,0.268,0.627,0.226,0.306,0.271,0.247,27.6
New York Mets,away,Brandon Nimmo,607043,777136,"Nimmo, Brandon",2025.0,32.0,341.0,375.0,89.0,54.0,17.0,0.0,18.0,71.0,28.0,18.9,7.5,0.261,0.469,0.323,0.792,0.269,0.466,0.342,0.344,27.3
New York Mets,away,Francisco Lindor,596019,777136,"Lindor, Francisco",2025.0,31.0,372.0,421.0,98.0,61.0,18.0,0.0,19.0,74.0,33.0,17.6,7.8,0.263,0.465,0.335,0.8,0.266,0.468,0.345,0.348,27.3
New York Mets,away,Juan Soto,665742,777136,"Soto, Juan",2025.0,26.0,332.0,415.0,88.0,51.0,15.0,0.0,22.0,74.0,77.0,17.8,18.6,0.265,0.509,0.401,0.91,0.317,0.648,0.389,0.457,26.0
New York Mets,away,Pete Alonso,624413,777136,"Alonso, Pete",2025.0,30.0,356.0,415.0,100.0,53.0,25.0,1.0,21.0,95.0,43.0,22.9,10.4,0.281,0.534,0.373,0.907,0.295,0.606,0.387,0.416,25.7
New York Mets,away,Mark Vientos,668901,777136,"Vientos, Mark",2025.0,25.0,226.0,247.0,49.0,32.0,10.0,1.0,6.0,62.0,17.0,25.1,6.9,0.217,0.35,0.275,0.625,0.236,0.369,0.276,0.291,26.0
New York Mets,away,Jeff McNeil,643446,777136,"McNeil, Jeff",2025.0,33.0,193.0,224.0,48.0,29.0,7.0,3.0,9.0,25.0,23.0,11.2,10.3,0.249,0.456,0.339,0.795,0.265,0.393,0.341,0.328,26.0
New York Mets,away,Tyrone Taylor,621438,777136,"Taylor, Tyrone",2025.0,31.0,242.0,266.0,51.0,33.0,13.0,3.0,2.0,58.0,11.0,21.8,4.1,0.211,0.314,0.266,0.58,0.261,0.376,0.257,0.303,29.2
New York Mets,away,Brett Baty,683146,777136,"Baty, Brett",2025.0,25.0,217.0,238.0,50.0,31.0,8.0,2.0,9.0,59.0,17.0,24.8,7.1,0.23,0.41,0.287,0.697,0.252,0.447,0.303,0.329,27.2
New York Mets,away,Luis Torrens,620443,777136,"Torrens, Luis",2025.0,29.0,169.0,186.0,35.0,23.0,9.0,1.0,2.0,43.0,16.0,23.1,8.6,0.207,0.308,0.28,0.588,0.289,0.502,0.265,0.369,26.7
Boston Red Sox,home,Jarren Duran,680776,777144,"Duran, Jarren",2025.0,28.0,393.0,430.0,101.0,59.0,24.0,10.0,8.0,102.0,28.0,23.7,6.5,0.257,0.43,0.315,0.745,0.262,0.424,0.323,0.328,29.1
Boston Red Sox,home,Ceddanne Rafaela,678882,777144,"Rafaela, Ceddanne",2025.0,24.0,310.0,334.0,84.0,48.0,21.0,2.0,13.0,64.0,16.0,19.2,4.8,0.271,0.477,0.314,0.791,0.27,0.502,0.341,0.348,28.9
Boston Red Sox,home,Roman Anthony,701350,777144,"Anthony, Roman",2025.0,21.0,99.0,116.0,26.0,17.0,7.0,0.0,2.0,27.0,14.0,23.3,12.1,0.263,0.394,0.371,0.765,0.261,0.455,0.344,0.362,27.5
Boston Red Sox,home,Carlos Narváez,665966,777144,"Narváez, Carlos",2025.0,26.0,250.0,282.0,68.0,42.0,18.0,0.0,8.0,67.0,30.0,23.8,10.6,0.272,0.44,0.348,0.788,0.229,0.39,0.344,0.309,25.8
Boston Red Sox,home,Masataka Yoshida,807799,777144,0,0.0,0.0,0.0,0.0,0.0,0.0,0.0,0.0,0.0,0.0,0.0,0.0,0.0,0.0,0.0,0.0,0.0,0.0,0.0,0.0,0.0,0.0
Boston Red Sox,home,Trevor Story,596115,777144,"Story, Trevor",2025.0,32.0,356.0,378.0,90.0,63.0,12.0,0.0,15.0,106.0,18.0,28.0,4.8,0.253,0.413,0.294,0.707,0.248,0.427,0.309,0.309,28.4
Boston Red Sox,home,Wilyer Abreu,677800,777144,"Abreu, Wilyer",2025.0,26.0,267.0,298.0,69.0,40.0,11.0,0.0,18.0,68.0,29.0,22.8,9.7,0.258,0.502,0.329,0.831,0.263,0.523,0.353,0.362,27.5
Boston Red Sox,home,Abraham Toro,647351,777144,"Toro, Abraham",2025.0,28.0,174.0,190.0,48.0,32.0,11.0,0.0,5.0,29.0,11.0,15.3,5.8,0.276,0.425,0.326,0.751,0.266,0.402,0.326,0.315,27.7
Boston Red Sox,home,Marcelo Mayer,691785,777144,"Mayer, Marcelo",2025.0,22.0,111.0,118.0,25.0,13.0,7.0,1.0,4.0,35.0,6.0,29.7,5.1,0.225,0.414,0.263,0.677,0.22,0.376,0.291,0.274,27.5
Tampa Bay Rays,away,Yandy Díaz,650490,777144,"Díaz, Yandy",2025.0,33.0,360.0,396.0,102.0,69.0,18.0,1.0,14.0,54.0,29.0,13.6,7.3,0.283,0.456,0.338,0.794,0.301,0.499,0.342,0.37,26.1
Tampa Bay Rays,away,Ha-Seong Kim,673490,777144,"Kim, Ha-Seong",2025.0,29.0,15.0,15.0,5.0,3.0,1.0,0.0,1.0,5.0,0.0,33.3,0.0,0.333,0.6,0.333,0.933,0.241,0.42,0.398,0.281,27.1
Tampa Bay Rays,away,Jake Mangum,663968,777144,"Mangum, Jake",2025.0,29.0,208.0,222.0,65.0,53.0,9.0,1.0,2.0,27.0,12.0,12.2,5.4,0.313,0.394,0.353,0.747,0.274,0.386,0.33,0.309,28.8
Tampa Bay Rays,away,Junior Caminero,691406,777144,"Caminero, Junior",2025.0,21.0,350.0,377.0,89.0,47.0,19.0,0.0,23.0,74.0,21.0,19.6,5.6,0.254,0.506,0.294,0.8,0.262,0.478,0.339,0.338,26.6
Tampa Bay Rays,away,Christopher Morel,666624,777144,"Morel, Christopher",2025.0,26.0,167.0,184.0,38.0,20.0,11.0,0.0,7.0,62.0,15.0,33.7,8.2,0.228,0.419,0.299,0.718,0.224,0.459,0.314,0.325,28.1
Tampa Bay Rays,away,Curtis Mead,678554,777144,"Mead, Curtis",2025.0,24.0,111.0,128.0,25.0,19.0,2.0,1.0,3.0,31.0,12.0,24.2,9.4,0.225,0.342,0.32,0.662,0.245,0.375,0.299,0.319,26.9
Tampa Bay Rays,away,Danny Jansen,643376,777144,"Jansen, Danny",2025.0,30.0,200.0,230.0,42.0,25.0,8.0,0.0,9.0,58.0,25.0,25.2,10.9,0.21,0.385,0.306,0.691,0.214,0.371,0.307,0.305,26.0
Tampa Bay Rays,away,José Caballero,676609,777144,"Caballero, José",2025.0,28.0,207.0,240.0,46.0,31.0,12.0,1.0,2.0,71.0,26.0,29.6,10.8,0.222,0.319,0.316,0.635,0.219,0.313,0.289,0.286,27.9
Tampa Bay Rays,away,Taylor Walls,670764,777144,"Walls, Taylor",2025.0,28.0,220.0,251.0,47.0,36.0,7.0,1.0,3.0,52.0,24.0,20.7,9.6,0.214,0.295,0.284,0.579,0.215,0.308,0.26,0.269,28.1
Chicago White Sox,home,Mike Tauchman,643565,777138,"Tauchman, Mike",2025.0,34.0,154.0,178.0,45.0,30.0,10.0,1.0,4.0,40.0,22.0,22.5,12.4,0.292,0.448,0.382,0.83,0.273,0.408,0.365,0.342,25.1
Chicago White Sox,home,Chase Meidroth,805367,777138,"Meidroth, Chase",2025.0,23.0,250.0,287.0,62.0,54.0,6.0,0.0,2.0,40.0,32.0,13.9,11.1,0.248,0.296,0.339,0.635,0.252,0.328,0.293,0.306,27.2
Chicago White Sox,home,Andrew Benintendi,643217,777138,"Benintendi, Andrew",2025.0,30.0,234.0,262.0,51.0,29.0,10.0,2.0,10.0,42.0,20.0,16.0,7.6,0.218,0.406,0.28,0.686,0.236,0.46,0.295,0.331,26.9
Chicago White Sox,home,Lenyn Sosa,672820,777138,"Sosa, Lenyn",2025.0,25.0,279.0,289.0,76.0,52.0,14.0,1.0,9.0,68.0,8.0,23.5,2.8,0.272,0.427,0.295,0.722,0.276,0.462,0.313,0.326,26.7
Chicago White Sox,home,Kyle Teel,691019,777138,"Teel, Kyle",2025.0,23.0,64.0,82.0,15.0,11.0,4.0,0.0,0.0,22.0,14.0,26.8,17.1,0.234,0.297,0.383,0.68,0.262,0.477,0.32,0.389,27.4
Chicago White Sox,home,Luis Robert Jr.,673357,777138,"Robert Jr., Luis",2025.0,27.0,261.0,299.0,49.0,32.0,8.0,0.0,9.0,91.0,31.0,30.4,10.4,0.188,0.322,0.275,0.597,0.235,0.412,0.264,0.315,29.0
Chicago White Sox,home,Colson Montgomery,695657,777138,"Montgomery, Colson",2025.0,23.0,22.0,29.0,7.0,6.0,0.0,1.0,0.0,4.0,6.0,13.8,20.7,0.318,0.409,0.464,0.873,0.339,0.431,0.395,0.411,26.9
Chicago White Sox,home,Josh Rojas,668942,777138,"Rojas, Josh",2025.0,31.0,156.0,174.0,28.0,20.0,7.0,0.0,1.0,43.0,15.0,24.7,8.6,0.179,0.244,0.249,0.493,0.214,0.3,0.225,0.262,26.3
Chicago White Sox,home,Will Robertson,683770,777138,"Robertson, Will",2025.0,27.0,12.0,14.0,1.0,1.0,0.0,0.0,0.0,9.0,1.0,64.3,7.1,0.083,0.083,0.214,0.297,0.052,0.081,0.164,0.15,0.0
Cleveland Guardians,away,Steven Kwan,680757,777138,"Kwan, Steven",2025.0,27.0,355.0,394.0,102.0,75.0,20.0,1.0,6.0,34.0,31.0,8.6,7.9,0.287,0.4,0.346,0.746,0.279,0.376,0.328,0.317,26.9
Cleveland Guardians,away,Nolan Jones,666134,777138,"Jones, Nolan",2025.0,27.0,219.0,251.0,51.0,36.0,10.0,2.0,3.0,63.0,26.0,25.1,10.4,0.233,0.338,0.32,0.658,0.258,0.431,0.295,0.34,27.5
Cleveland Guardians,away,José Ramírez,608070,777138,"Ramírez, José",2025.0,32.0,340.0,382.0,101.0,65.0,17.0,1.0,18.0,43.0,33.0,11.3,8.6,0.297,0.512,0.364,0.876,0.293,0.468,0.367,0.35,28.4
Cleveland Guardians,away,Kyle Manzardo,700932,777138,"Manzardo, Kyle",2025.0,24.0,261.0,293.0,56.0,30.0,11.0,2.0,13.0,74.0,27.0,25.3,9.2,0.215,0.421,0.29,0.711,0.216,0.425,0.308,0.309,25.4
Cleveland Guardians,away,Carlos Santana,467793,777138,"Santana, Carlos",2025.0,39.0,304.0,352.0,70.0,52.0,7.0,0.0,11.0,66.0,42.0,18.8,11.9,0.23,0.362,0.327,0.689,0.226,0.37,0.308,0.308,25.4
Cleveland Guardians,away,Daniel Schneemann,682177,777138,"Schneemann, Daniel",2025.0,28.0,210.0,235.0,45.0,27.0,9.0,0.0,9.0,58.0,23.0,24.7,9.8,0.214,0.386,0.295,0.681,0.236,0.45,0.299,0.33,27.9
Cleveland Guardians,away,Angel Martínez,682657,777138,"Martínez, Angel",2025.0,23.0,260.0,276.0,63.0,39.0,15.0,1.0,8.0,57.0,9.0,20.7,3.3,0.242,0.4,0.267,0.667,0.231,0.339,0.287,0.261,27.6
Cleveland Guardians,away,Austin Hedges,595978,777138,"Hedges, Austin",2025.0,32.0,84.0,98.0,9.0,6.0,0.0,0.0,3.0,31.0,11.0,31.6,11.2,0.107,0.214,0.208,0.422,0.133,0.2,0.199,0.205,24.8
Cleveland Guardians,away,Brayan Rocchio,677587,777138,"Rocchio, Brayan",2025.0,24.0,120.0,135.0,22.0,14.0,7.0,0.0,1.0,28.0,7.0,20.7,5.2,0.183,0.267,0.248,0.515,0.234,0.332,0.233,0.282,26.6
Milwaukee Brewers,home,Sal Frelick,686217,777135,"Frelick, Sal",2025.0,25.0,339.0,379.0,99.0,78.0,11.0,3.0,7.0,49.0,26.0,12.9,6.9,0.292,0.404,0.351,0.755,0.271,0.353,0.334,0.308,29.0
Milwaukee Brewers,home,William Contreras,661388,777135,"Contreras, William",2025.0,27.0,322.0,381.0,78.0,56.0,16.0,0.0,6.0,69.0,56.0,18.1,14.7,0.242,0.348,0.352,0.7,0.243,0.368,0.313,0.323,26.0
Milwaukee Brewers,home,Jackson Chourio,694192,777135,"Chourio, Jackson",2025.0,21.0,393.0,416.0,102.0,60.0,24.0,3.0,15.0,85.0,18.0,20.4,4.3,0.26,0.45,0.293,0.743,0.257,0.414,0.32,0.305,29.3
Milwaukee Brewers,home,Christian Yelich,592885,777135,"Yelich, Christian",2025.0,33.0,337.0,377.0,88.0,58.0,11.0,0.0,19.0,99.0,35.0,26.3,9.3,0.261,0.463,0.337,0.8,0.257,0.452,0.346,0.338,28.1
Milwaukee Brewers,home,Andrew Vaughn,683734,777135,"Vaughn, Andrew",2025.0,27.0,195.0,205.0,39.0,24.0,8.0,0.0,7.0,45.0,9.0,22.0,4.4,0.2,0.349,0.234,0.583,0.262,0.479,0.254,0.332,25.7
Milwaukee Brewers,home,Isaac Collins,686555,777135,"Collins, Isaac",2025.0,27.0,188.0,222.0,50.0,36.0,8.0,1.0,5.0,54.0,28.0,24.3,12.6,0.266,0.399,0.368,0.767,0.239,0.346,0.343,0.315,27.6
Milwaukee Brewers,home,Brice Turang,668930,777135,"Turang, Brice",2025.0,25.0,340.0,384.0,94.0,75.0,14.0,0.0,5.0,82.0,38.0,21.4,9.9,0.276,0.362,0.347,0.709,0.268,0.393,0.317,0.327,28.9
Milwaukee Brewers,home,Caleb Durbin,702332,777135,"Durbin, Caleb",2025.0,25.0,230.0,267.0,60.0,44.0,12.0,0.0,4.0,25.0,18.0,9.4,6.7,0.261,0.365,0.347,0.712,0.25,0.35,0.32,0.31,28.4
Milwaukee Brewers,home,Joey Ortiz,687401,777135,"Ortiz, Joey",2025.0,26.0,287.0,315.0,59.0,44.0,9.0,0.0,6.0,52.0,20.0,16.5,6.3,0.206,0.3,0.265,0.565,0.244,0.334,0.254,0.282,28.7
Washington Nationals,away,CJ Abrams,682928,777135,"Abrams, CJ",2025.0,24.0,323.0,359.0,93.0,57.0,20.0,4.0,12.0,59.0,24.0,16.4,6.7,0.288,0.486,0.355,0.841,0.284,0.446,0.364,0.348,28.2
Washington Nationals,away,James Wood,695578,777135,"Wood, James",2025.0,22.0,351.0,415.0,99.0,56.0,19.0,0.0,24.0,112.0,59.0,27.0,14.2,0.282,0.541,0.386,0.927,0.283,0.572,0.392,0.401,28.0
Washington Nationals,away,Josh Bell,605137,777135,"Bell, Josh",2025.0,32.0,281.0,318.0,61.0,40.0,9.0,1.0,11.0,54.0,33.0,17.0,10.4,0.217,0.374,0.305,0.679,0.255,0.448,0.301,0.344,24.7
Washington Nationals,away,Nathaniel Lowe,663993,777135,"Lowe, Nathaniel",2025.0,29.0,357.0,393.0,83.0,53.0,14.0,2.0,14.0,107.0,33.0,27.2,8.4,0.232,0.401,0.298,0.699,0.238,0.389,0.306,0.308,26.1
Washington Nationals,away,Luis García Jr.,671277,777135,"García, Luis",2025.0,25.0,293.0,319.0,76.0,50.0,19.0,0.0,7.0,45.0,18.0,14.1,5.6,0.259,0.396,0.301,0.697,0.307,0.488,0.303,0.363,26.5
Washington Nationals,away,Brady House,691781,777135,"House, Brady",2025.0,22.0,85.0,90.0,21.0,16.0,5.0,0.0,0.0,20.0,4.0,22.2,4.4,0.247,0.306,0.278,0.584,0.29,0.367,0.258,0.3,27.6
Washington Nationals,away,Daylen Lile,695734,777135,"Lile, Daylen",2025.0,22.0,104.0,114.0,24.0,17.0,5.0,1.0,1.0,16.0,7.0,14.0,6.1,0.231,0.327,0.283,0.61,0.308,0.455,0.271,0.355,28.8
Washington Nationals,away,Riley Adams,656180,777135,"Adams, Riley",2025.0,29.0,99.0,104.0,15.0,7.0,4.0,0.0,4.0,43.0,4.0,41.3,3.8,0.152,0.313,0.192,0.505,0.183,0.355,0.221,0.251,26.5
Washington Nationals,away,Jacob Young,696285,777135,"Young, Jacob",2025.0,25.0,191.0,219.0,44.0,36.0,7.0,1.0,0.0,31.0,18.0,14.2,8.2,0.23,0.277,0.303,0.58,0.262,0.325,0.266,0.297,29.4
Houston Astros,home,Isaac Paredes,670623,777137,"Paredes, Isaac",2025.0,26.0,338.0,394.0,87.0,55.0,12.0,1.0,19.0,66.0,47.0,16.8,11.9,0.257,0.467,0.358,0.825,0.247,0.402,0.361,0.334,25.7
Houston Astros,home,Cam Smith,701358,777137,"Smith, Cam",2025.0,22.0,285.0,314.0,81.0,56.0,16.0,2.0,7.0,86.0,25.0,27.4,8.0,0.284,0.428,0.35,0.778,0.28,0.44,0.343,0.344,29.2
Houston Astros,home,Jose Altuve,514888,777137,"Altuve, Jose",2025.0,35.0,349.0,388.0,95.0,64.0,14.0,1.0,16.0,61.0,33.0,15.7,8.5,0.272,0.456,0.332,0.788,0.244,0.39,0.339,0.304,27.2
Houston Astros,home,Christian Walker,572233,777137,"Walker, Christian",2025.0,34.0,337.0,368.0,79.0,54.0,12.0,1.0,12.0,98.0,23.0,26.6,6.3,0.234,0.383,0.293,0.676,0.244,0.43,0.298,0.317,26.2
Houston Astros,home,Victor Caratini,605170,777137,"Caratini, Victor",2025.0,31.0,207.0,229.0,53.0,34.0,9.0,0.0,10.0,39.0,11.0,17.0,4.8,0.256,0.444,0.306,0.75,0.253,0.435,0.323,0.327,24.2
Houston Astros,home,Yainer Diaz,673237,777137,"Diaz, Yainer",2025.0,26.0,317.0,335.0,78.0,54.0,11.0,1.0,12.0,61.0,14.0,18.2,4.2,0.246,0.401,0.281,0.682,0.274,0.473,0.295,0.336,27.1
Houston Astros,home,Taylor Trammell,666211,777137,"Trammell, Taylor",2025.0,27.0,25.0,29.0,4.0,1.0,2.0,0.0,1.0,11.0,4.0,37.9,13.8,0.16,0.36,0.276,0.636,0.2,0.38,0.284,0.307,27.3
Houston Astros,home,Mauricio Dubón,643289,777137,"Dubón, Mauricio",2025.0,30.0,195.0,207.0,50.0,31.0,14.0,0.0,5.0,19.0,10.0,9.2,4.8,0.256,0.405,0.291,0.696,0.246,0.341,0.302,0.273,27.9
Houston Astros,home,Brice Matthews,694728,777137,0,0.0,0.0,0.0,0.0,0.0,0.0,0.0,0.0,0.0,0.0,0.0,0.0,0.0,0.0,0.0,0.0,0.0,0.0,0.0,0.0,0.0,0.0
Texas Rangers,away,Sam Haggerty,664059,777137,"Haggerty, Sam",2025.0,31.0,123.0,139.0,31.0,23.0,3.0,3.0,2.0,24.0,14.0,17.3,10.1,0.252,0.374,0.333,0.707,0.262,0.392,0.312,0.323,28.9
Texas Rangers,away,Corey Seager,608369,777137,"Seager, Corey",2025.0,31.0,233.0,276.0,63.0,40.0,10.0,0.0,13.0,54.0,37.0,19.6,13.4,0.27,0.481,0.377,0.858,0.314,0.621,0.37,0.434,25.1
Texas Rangers,away,Marcus Semien,543760,777137,"Semien, Marcus",2025.0,34.0,343.0,392.0,81.0,59.0,11.0,1.0,10.0,73.0,40.0,18.6,10.2,0.236,0.362,0.316,0.678,0.254,0.417,0.301,0.332,28.3
Texas Rangers,away,Adolis García,666969,777137,"García, Adolis",2025.0,32.0,334.0,364.0,78.0,47.0,19.0,0.0,12.0,90.0,20.0,24.7,5.5,0.234,0.398,0.277,0.675,0.254,0.479,0.292,0.335,27.2
Texas Rangers,away,Wyatt Langford,694671,777137,"Langford, Wyatt",2025.0,23.0,285.0,323.0,70.0,44.0,11.0,0.0,15.0,84.0,33.0,26.0,10.2,0.246,0.442,0.325,0.767,0.25,0.462,0.332,0.347,28.9
Texas Rangers,away,Jonah Heim,641680,777137,"Heim, Jonah",2025.0,30.0,255.0,275.0,57.0,40.0,9.0,0.0,8.0,61.0,15.0,22.2,5.5,0.224,0.353,0.266,0.619,0.223,0.355,0.271,0.273,25.2
Texas Rangers,away,Kyle Higashioka,543309,777137,"Higashioka, Kyle",2025.0,35.0,157.0,171.0,37.0,26.0,8.0,0.0,3.0,30.0,11.0,17.5,6.4,0.236,0.344,0.292,0.636,0.225,0.365,0.283,0.284,25.2
Texas Rangers,away,Josh Smith,669701,777137,"Smith, Josh",2025.0,27.0,294.0,332.0,83.0,58.0,16.0,1.0,8.0,54.0,32.0,16.3,9.6,0.282,0.425,0.36,0.785,0.275,0.415,0.344,0.336,27.3
Texas Rangers,away,Ezequiel Duran,677649,777137,"Duran, Ezequiel",2025.0,26.0,73.0,82.0,10.0,5.0,5.0,0.0,0.0,23.0,3.0,28.0,3.7,0.137,0.205,0.21,0.415,0.185,0.267,0.194,0.242,28.8
San Diego Padres,home,Fernando Tatis Jr.,665487,777126,"Tatis Jr., Fernando",2025.0,26.0,350.0,404.0,93.0,62.0,13.0,2.0,16.0,70.0,49.0,17.3,12.1,0.266,0.451,0.361,0.812,0.294,0.535,0.352,0.393,28.8
San Diego Padres,home,Luis Arraez,650333,777126,"Arraez, Luis",2025.0,28.0,358.0,384.0,101.0,75.0,17.0,4.0,5.0,10.0,18.0,2.6,4.7,0.282,0.394,0.316,0.71,0.272,0.344,0.31,0.285,26.4
San Diego Padres,home,Manny Machado,592518,777126,"Machado, Manny",2025.0,32.0,360.0,400.0,105.0,66.0,22.0,0.0,17.0,68.0,36.0,17.0,9.0,0.292,0.494,0.352,0.846,0.302,0.541,0.364,0.389,25.9
San Diego Padres,home,Gavin Sheets,657757,777126,"Sheets, Gavin",2025.0,29.0,313.0,345.0,83.0,54.0,14.0,1.0,14.0,67.0,27.0,19.4,7.8,0.265,0.45,0.325,0.775,0.286,0.496,0.335,0.362,27.0
San Diego Padres,home,Xander Bogaerts,593428,777126,"Bogaerts, Xander",2025.0,32.0,326.0,371.0,86.0,62.0,19.0,0.0,5.0,61.0,38.0,16.4,10.2,0.264,0.368,0.338,0.706,0.282,0.407,0.311,0.335,27.7
San Diego Padres,home,Jackson Merrill,701538,777126,"Merrill, Jackson",2025.0,22.0,236.0,264.0,61.0,42.0,12.0,2.0,5.0,58.0,22.0,22.0,8.3,0.258,0.39,0.323,0.713,0.277,0.485,0.312,0.355,28.3
San Diego Padres,home,Jake Cronenworth,630105,777126,"Cronenworth, Jake",2025.0,31.0,219.0,265.0,52.0,33.0,10.0,1.0,8.0,54.0,36.0,20.4,13.6,0.237,0.402,0.354,0.756,0.23,0.371,0.336,0.322,28.3
San Diego Padres,home,Trenton Brooks,670092,777126,"Brooks, Trenton",2025.0,29.0,33.0,34.0,5.0,2.0,2.0,0.0,1.0,12.0,1.0,35.3,2.9,0.152,0.303,0.176,0.479,0.2,0.326,0.207,0.24,26.5
San Diego Padres,home,Martín Maldonado,455117,777126,"Maldonado, Martín",2025.0,38.0,126.0,138.0,22.0,15.0,3.0,0.0,4.0,50.0,7.0,36.2,5.1,0.175,0.294,0.218,0.512,0.196,0.378,0.227,0.266,23.1
Philadelphia Phillies,away,Trea Turner,607208,777126,"Turner, Trea",2025.0,32.0,380.0,414.0,111.0,80.0,18.0,2.0,11.0,66.0,28.0,15.9,6.8,0.292,0.437,0.345,0.782,0.28,0.426,0.341,0.33,30.2
Philadelphia Phillies,away,Kyle Schwarber,656941,777126,"Schwarber, Kyle",2025.0,32.0,343.0,416.0,87.0,43.0,13.0,1.0,30.0,108.0,65.0,26.0,15.6,0.254,0.56,0.385,0.945,0.277,0.615,0.402,0.426,26.0
Philadelphia Phillies,away,Bryce Harper,547180,777126,"Harper, Bryce",2025.0,32.0,247.0,293.0,64.0,38.0,16.0,0.0,10.0,60.0,40.0,20.5,13.7,0.259,0.445,0.369,0.814,0.279,0.499,0.356,0.382,26.8
Philadelphia Phillies,away,Alec Bohm,664761,777126,"Bohm, Alec",2025.0,28.0,348.0,377.0,98.0,76.0,12.0,2.0,8.0,62.0,22.0,16.4,5.8,0.282,0.397,0.326,0.723,0.274,0.414,0.317,0.324,26.7
Philadelphia Phillies,away,Nick Castellanos,592206,777126,"Castellanos, Nick",2025.0,33.0,355.0,382.0,98.0,63.0,22.0,1.0,12.0,79.0,20.0,20.7,5.2,0.276,0.445,0.317,0.762,0.272,0.472,0.329,0.338,27.6
Philadelphia Phillies,away,Bryson Stott,681082,777126,"Stott, Bryson",2025.0,27.0,304.0,340.0,72.0,55.0,9.0,2.0,6.0,59.0,31.0,17.4,9.1,0.237,0.339,0.308,0.647,0.244,0.384,0.289,0.307,28.5
Philadelphia Phillies,away,J.T. Realmuto,592663,777126,"Realmuto, J.T.",2025.0,34.0,291.0,316.0,75.0,54.0,15.0,1.0,5.0,76.0,23.0,24.1,7.3,0.258,0.368,0.316,0.684,0.271,0.414,0.303,0.323,28.3
Philadelphia Phillies,away,Max Kepler,596146,777126,"Kepler, Max",2025.0,32.0,270.0,310.0,57.0,33.0,14.0,0.0,10.0,64.0,35.0,20.6,11.3,0.211,0.374,0.306,0.68,0.233,0.413,0.302,0.323,26.7
Philadelphia Phillies,away,Brandon Marsh,669016,777126,"Marsh, Brandon",2025.0,27.0,189.0,217.0,49.0,35.0,10.0,1.0,3.0,55.0,23.0,25.3,10.6,0.259,0.37,0.335,0.705,0.27,0.436,0.313,0.34,28.6
Los Angeles Angels,home,Zach Neto,687263,777131,"Neto, Zach",2025.0,24.0,298.0,319.0,82.0,48.0,18.0,1.0,15.0,86.0,14.0,27.0,4.4,0.275,0.493,0.32,0.813,0.277,0.53,0.348,0.362,28.1
Los Angeles Angels,home,Nolan Schanuel,694384,777131,"Schanuel, Nolan",2025.0,23.0,334.0,387.0,91.0,65.0,17.0,1.0,8.0,47.0,42.0,12.1,10.9,0.272,0.401,0.362,0.763,0.272,0.412,0.336,0.339,25.9
Los Angeles Angels,home,Mike Trout,545361,777131,"Trout, Mike",2025.0,33.0,238.0,290.0,55.0,34.0,4.0,1.0,16.0,78.0,45.0,26.9,15.5,0.231,0.458,0.355,0.813,0.275,0.552,0.346,0.398,28.1
Los Angeles Angels,home,Taylor Ward,621493,777131,"Ward, Taylor",2025.0,31.0,352.0,398.0,80.0,37.0,20.0,2.0,21.0,104.0,38.0,26.1,9.5,0.227,0.474,0.302,0.776,0.236,0.467,0.331,0.333,27.3
Los Angeles Angels,home,Jo Adell,666176,777131,"Adell, Jo",2025.0,26.0,284.0,318.0,69.0,39.0,11.0,0.0,19.0,74.0,23.0,23.3,7.2,0.243,0.482,0.319,0.801,0.289,0.573,0.347,0.396,27.8
Los Angeles Angels,home,Yoán Moncada,660162,777131,"Moncada, Yoán",2025.0,30.0,112.0,129.0,26.0,12.0,6.0,1.0,7.0,33.0,14.0,25.6,10.9,0.232,0.491,0.326,0.817,0.226,0.472,0.351,0.344,26.8
Los Angeles Angels,home,Jorge Soler,624585,777131,"Soler, Jorge",2025.0,33.0,263.0,296.0,55.0,33.0,12.0,0.0,10.0,90.0,26.0,30.4,8.8,0.209,0.369,0.288,0.657,0.206,0.378,0.291,0.294,26.1
Los Angeles Angels,home,Travis d'Arnaud,518595,777131,"d'Arnaud, Travis",2025.0,36.0,137.0,147.0,32.0,18.0,8.0,0.0,6.0,47.0,7.0,32.0,4.8,0.234,0.423,0.279,0.702,0.231,0.458,0.304,0.317,26.4
Los Angeles Angels,home,Luis Rengifo,650859,777131,"Rengifo, Luis",2025.0,28.0,306.0,327.0,72.0,55.0,12.0,1.0,4.0,58.0,17.0,17.7,5.2,0.235,0.32,0.276,0.596,0.28,0.396,0.264,0.313,27.0
Arizona Diamondbacks,away,Ketel Marte,606466,777131,"Marte, Ketel",2025.0,31.0,247.0,292.0,73.0,41.0,13.0,0.0,19.0,45.0,40.0,15.4,13.7,0.296,0.579,0.401,0.98,0.309,0.611,0.415,0.429,26.4
Arizona Diamondbacks,away,Corbin Carroll,682998,777131,"Carroll, Corbin",2025.0,24.0,312.0,351.0,78.0,33.0,14.0,10.0,21.0,91.0,31.0,25.9,8.8,0.25,0.561,0.33,0.891,0.269,0.565,0.377,0.386,29.6
Arizona Diamondbacks,away,Lourdes Gurriel Jr.,666971,777131,"Gurriel Jr., Lourdes",2025.0,31.0,346.0,376.0,87.0,53.0,20.0,2.0,12.0,52.0,21.0,13.8,5.6,0.251,0.425,0.298,0.723,0.262,0.418,0.312,0.314,26.9
Arizona Diamondbacks,away,Eugenio Suárez,553993,777131,"Suárez, Eugenio",2025.0,33.0,342.0,383.0,84.0,38.0,17.0,0.0,29.0,105.0,23.0,27.4,6.0,0.246,0.55,0.313,0.863,0.231,0.492,0.365,0.34,26.4
Arizona Diamondbacks,away,Josh Naylor,647304,777131,"Naylor, Josh",2025.0,28.0,319.0,360.0,94.0,64.0,18.0,1.0,11.0,45.0,34.0,12.5,9.4,0.295,0.461,0.362,0.823,0.294,0.458,0.354,0.357,24.5
Arizona Diamondbacks,away,Randal Grichuk,545341,777131,"Grichuk, Randal",2025.0,33.0,158.0,171.0,38.0,17.0,13.0,1.0,7.0,36.0,10.0,21.1,5.8,0.241,0.468,0.281,0.749,0.273,0.519,0.316,0.352,26.8
Arizona Diamondbacks,away,James McCann,543510,777131,"McCann, James",2025.0,35.0,20.0,27.0,7.0,3.0,2.0,0.0,2.0,5.0,6.0,18.5,22.2,0.35,0.75,0.519,1.269,0.326,0.591,0.525,0.466,26.2
Arizona Diamondbacks,away,Alek Thomas,677950,777131,"Thomas, Alek",2025.0,25.0,251.0,273.0,63.0,44.0,12.0,2.0,5.0,70.0,14.0,25.6,5.1,0.251,0.375,0.299,0.674,0.244,0.379,0.296,0.297,28.2
Arizona Diamondbacks,away,Geraldo Perdomo,672695,777131,"Perdomo, Geraldo",2025.0,25.0,346.0,418.0,93.0,62.0,20.0,1.0,10.0,50.0,55.0,12.0,13.2,0.269,0.419,0.369,0.788,0.266,0.412,0.347,0.346,27.0
Athletics,home,Lawrence Butler,671732,777132,"Butler, Lawrence",2025.0,24.0,362.0,399.0,90.0,51.0,24.0,2.0,13.0,111.0,37.0,27.8,9.3,0.249,0.434,0.318,0.752,0.236,0.401,0.328,0.31,26.8
Athletics,home,Jacob Wilson,805779,777132,"Wilson Jr., Jacob",2025.0,23.0,331.0,357.0,111.0,85.0,17.0,0.0,9.0,26.0,20.0,7.3,5.6,0.335,0.468,0.379,0.847,0.29,0.372,0.37,0.312,26.9
Athletics,home,Nick Kurtz,701762,777132,"Kurtz, Nick",2025.0,22.0,199.0,227.0,50.0,25.0,8.0,1.0,16.0,76.0,25.0,33.5,11.0,0.251,0.543,0.33,0.873,0.238,0.523,0.369,0.357,27.4
Athletics,home,Brent Rooker,667670,777132,"Rooker Jr., Brent",2025.0,30.0,376.0,418.0,103.0,61.0,21.0,2.0,19.0,92.0,40.0,22.0,9.6,0.274,0.492,0.347,0.839,0.293,0.546,0.363,0.389,27.4
Athletics,home,Tyler Soderstrom,691016,777132,"Soderstrom, Tyler",2025.0,23.0,343.0,387.0,91.0,59.0,14.0,1.0,17.0,90.0,37.0,23.3,9.6,0.265,0.461,0.344,0.805,0.27,0.482,0.35,0.359,27.5
Athletics,home,Shea Langeliers,669127,777132,"Langeliers, Shea",2025.0,27.0,239.0,263.0,55.0,31.0,12.0,0.0,12.0,51.0,21.0,19.4,8.0,0.23,0.431,0.289,0.72,0.248,0.426,0.31,0.317,28.3
Athletics,home,Miguel Andujar,609280,777132,"Andujar, Miguel",2025.0,30.0,177.0,189.0,50.0,39.0,7.0,1.0,3.0,23.0,10.0,12.2,5.3,0.282,0.384,0.317,0.701,0.258,0.366,0.305,0.292,27.0
Athletics,home,Max Muncy,691777,777132,"Muncy, Max",2025.0,22.0,183.0,195.0,41.0,25.0,7.0,0.0,9.0,63.0,9.0,32.3,4.6,0.224,0.41,0.267,0.677,0.215,0.378,0.293,0.28,28.3
Athletics,home,Denzel Clarke,672016,777132,"Clarke, Denzel",2025.0,25.0,130.0,141.0,28.0,19.0,5.0,1.0,3.0,57.0,6.0,40.4,4.3,0.215,0.338,0.266,0.604,0.201,0.335,0.268,0.258,29.5
Toronto Blue Jays,away,Ernie Clement,676391,777132,"Clement, Ernie",2025.0,29.0,304.0,333.0,88.0,67.0,17.0,0.0,4.0,33.0,20.0,9.9,6.0,0.289,0.385,0.331,0.716,0.27,0.359,0.314,0.298,28.7
Toronto Blue Jays,away,George Springer,543807,777132,"Springer III, George",2025.0,35.0,294.0,350.0,81.0,48.0,16.0,1.0,16.0,67.0,44.0,19.1,12.6,0.276,0.5,0.369,0.869,0.285,0.563,0.374,0.4,27.9
Toronto Blue Jays,away,Vladimir Guerrero Jr.,665489,777132,"Guerrero Jr., Vladimir",2025.0,26.0,344.0,406.0,96.0,65.0,19.0,0.0,12.0,56.0,54.0,13.8,13.3,0.279,0.439,0.384,0.823,0.317,0.523,0.359,0.404,27.0
Toronto Blue Jays,away,Bo Bichette,666182,777132,"Bichette, Bo",2025.0,27.0,385.0,412.0,108.0,72.0,23.0,1.0,12.0,67.0,23.0,16.3,5.6,0.281,0.439,0.323,0.762,0.314,0.519,0.329,0.375,26.2
Toronto Blue Jays,away,Alejandro Kirk,672386,777132,"Kirk, Alejandro",2025.0,26.0,282.0,312.0,87.0,71.0,9.0,0.0,7.0,30.0,26.0,9.6,8.3,0.309,0.415,0.365,0.78,0.311,0.499,0.342,0.373,24.0
Toronto Blue Jays,away,Davis Schneider,676914,777132,"Schneider, Davis",2025.0,26.0,73.0,88.0,16.0,10.0,2.0,0.0,4.0,26.0,13.0,29.5,14.8,0.219,0.411,0.352,0.763,0.153,0.352,0.342,0.293,27.5
Toronto Blue Jays,away,Leo Jiménez,677870,777132,"Jimenez, Leo",2025.0,24.0,12.0,13.0,1.0,1.0,0.0,0.0,0.0,2.0,0.0,15.4,0.0,0.083,0.083,0.083,0.166,0.196,0.251,0.074,0.191,25.6
Toronto Blue Jays,away,Tyler Heineman,623168,777132,"Heineman, Tyler",2025.0,34.0,80.0,91.0,27.0,20.0,5.0,0.0,2.0,18.0,5.0,19.8,5.5,0.338,0.475,0.382,0.857,0.228,0.334,0.371,0.282,26.6
Toronto Blue Jays,away,Myles Straw,664702,777132,"Straw, Myles",2025.0,30.0,166.0,184.0,41.0,32.0,8.0,0.0,1.0,27.0,10.0,14.7,5.4,0.247,0.313,0.292,0.605,0.256,0.375,0.27,0.295,29.2
