team,side,player_name,player_id,game_id,"last_name, first_name",year,player_age,ab,pa,hit,single,double,triple,home_run,strikeout,walk,k_percent,bb_percent,batting_avg,slg_percent,on_base_percent,on_base_plus_slg,xba,xslg,woba,xwoba,sprint_speed
Cleveland Guardians,home,Steven Kwan,680757,777580,"Kwan, Steven",2025.0,27.0,242.0,269.0,76.0,57.0,14.0,0.0,5.0,23.0,21.0,8.6,7.8,0.314,0.434,0.373,0.807,0.292,0.397,0.357,0.333,26.7
Cleveland Guardians,home,Lane Thomas,657041,777580,"Thomas, Lane",2025.0,29.0,59.0,65.0,7.0,6.0,1.0,0.0,0.0,22.0,3.0,33.8,4.6,0.119,0.136,0.169,0.305,0.15,0.181,0.145,0.181,29.3
Cleveland Guardians,home,José Ramírez,608070,777580,"Ramírez, José",2025.0,32.0,234.0,263.0,78.0,51.0,14.0,1.0,12.0,29.0,23.0,11.0,8.7,0.333,0.556,0.392,0.948,0.314,0.489,0.4,0.367,28.5
Cleveland Guardians,home,David Fry,681807,777580,"Fry, David",2025.0,29.0,15.0,17.0,3.0,2.0,0.0,0.0,1.0,8.0,2.0,47.1,11.8,0.2,0.4,0.294,0.694,0.129,0.225,0.309,0.215,0.0
Cleveland Guardians,home,Carlos Santana,467793,777580,"Santana, Carlos",2025.0,39.0,208.0,245.0,53.0,40.0,6.0,0.0,7.0,43.0,31.0,17.6,12.7,0.255,0.385,0.355,0.74,0.226,0.362,0.331,0.31,25.5
Cleveland Guardians,home,Gabriel Arias,672356,777580,"Arias, Gabriel",2025.0,25.0,207.0,230.0,50.0,32.0,14.0,0.0,4.0,66.0,15.0,28.7,6.5,0.242,0.367,0.306,0.673,0.229,0.396,0.299,0.306,27.2
Cleveland Guardians,home,Johnathan Rodríguez,671286,777580,0,0.0,0.0,0.0,0.0,0.0,0.0,0.0,0.0,0.0,0.0,0.0,0.0,0.0,0.0,0.0,0.0,0.0,0.0,0.0,0.0,0.0,0.0
Cleveland Guardians,home,Bo Naylor,666310,777580,"Naylor, Bo",2025.0,25.0,150.0,178.0,28.0,14.0,5.0,1.0,8.0,47.0,25.0,26.4,14.0,0.187,0.393,0.299,0.692,0.2,0.397,0.307,0.311,27.1
Cleveland Guardians,home,Angel Martínez,682657,777580,"Martínez, Angel",2025.0,23.0,175.0,184.0,41.0,28.0,8.0,1.0,4.0,35.0,5.0,19.0,2.7,0.234,0.36,0.257,0.617,0.232,0.337,0.269,0.261,27.6
Cincinnati Reds,away,TJ Friedl,670770,777580,"Friedl Jr., TJ",2025.0,29.0,236.0,275.0,69.0,51.0,11.0,2.0,5.0,43.0,32.0,15.6,11.6,0.292,0.419,0.381,0.8,0.254,0.333,0.356,0.31,26.8
Cincinnati Reds,away,Gavin Lux,666158,777580,"Lux, Gavin",2025.0,27.0,191.0,218.0,53.0,36.0,14.0,1.0,2.0,54.0,27.0,24.8,12.4,0.277,0.393,0.367,0.76,0.255,0.361,0.341,0.318,27.6
Cincinnati Reds,away,Elly De La Cruz,682829,777580,"De La Cruz, Elly",2025.0,23.0,249.0,282.0,63.0,39.0,12.0,0.0,12.0,77.0,30.0,27.3,10.6,0.253,0.446,0.337,0.783,0.252,0.483,0.339,0.349,28.9
Cincinnati Reds,away,Christian Encarnacion-Strand,687952,777580,"Encarnacion-Strand, Christian",2025.0,25.0,70.0,74.0,16.0,8.0,3.0,0.0,5.0,15.0,2.0,20.3,2.7,0.229,0.486,0.257,0.743,0.245,0.488,0.317,0.328,27.4
Cincinnati Reds,away,Tyler Stephenson,663886,777580,"Stephenson, Tyler",2025.0,28.0,104.0,118.0,25.0,14.0,6.0,0.0,5.0,42.0,13.0,35.6,11.0,0.24,0.442,0.322,0.764,0.227,0.459,0.331,0.332,26.7
Cincinnati Reds,away,Will Benson,666181,777580,"Benson, Will",2025.0,27.0,79.0,89.0,18.0,9.0,3.0,0.0,6.0,25.0,7.0,28.1,7.9,0.228,0.494,0.292,0.786,0.275,0.547,0.336,0.385,28.7
Cincinnati Reds,away,Santiago Espinal,669289,777580,"Espinal, Santiago",2025.0,30.0,188.0,204.0,45.0,36.0,9.0,0.0,0.0,21.0,15.0,10.3,7.4,0.239,0.287,0.296,0.583,0.23,0.291,0.265,0.26,27.0
Cincinnati Reds,away,Jake Fraley,641584,777580,"Fraley, Jake",2025.0,30.0,97.0,114.0,19.0,12.0,3.0,0.0,4.0,20.0,17.0,17.5,14.9,0.196,0.351,0.316,0.667,0.234,0.367,0.303,0.322,28.1
Cincinnati Reds,away,Matt McLain,680574,777580,"McLain, Matt",2025.0,25.0,198.0,227.0,37.0,25.0,5.0,0.0,7.0,69.0,24.0,30.4,10.6,0.187,0.318,0.283,0.601,0.213,0.385,0.274,0.307,29.2
Pittsburgh Pirates,home,Oneil Cruz,665833,777574,"Cruz, Oneil",2025.0,26.0,203.0,245.0,46.0,24.0,9.0,1.0,12.0,82.0,37.0,33.5,15.1,0.227,0.458,0.351,0.809,0.237,0.487,0.352,0.372,29.2
Pittsburgh Pirates,home,Andrew McCutchen,457705,777574,"McCutchen, Andrew",2025.0,38.0,192.0,225.0,49.0,35.0,9.0,0.0,5.0,45.0,28.0,20.0,12.4,0.255,0.38,0.353,0.733,0.272,0.455,0.328,0.357,27.3
Pittsburgh Pirates,home,Bryan Reynolds,668804,777574,"Reynolds, Bryan",2025.0,30.0,247.0,278.0,58.0,40.0,9.0,1.0,8.0,73.0,26.0,26.3,9.4,0.235,0.377,0.309,0.686,0.274,0.516,0.303,0.369,27.9
Pittsburgh Pirates,home,Spencer Horwitz,687462,777574,"Horwitz, Spencer",2025.0,27.0,66.0,72.0,14.0,10.0,3.0,0.0,1.0,18.0,6.0,25.0,8.3,0.212,0.303,0.278,0.581,0.259,0.428,0.257,0.322,25.1
Pittsburgh Pirates,home,Nick Gonzales,693304,777574,"Gonzales, Nick",2025.0,26.0,21.0,23.0,4.0,1.0,0.0,2.0,1.0,7.0,1.0,30.4,4.3,0.19,0.524,0.217,0.741,0.256,0.412,0.299,0.3,0.0
Pittsburgh Pirates,home,Adam Frazier,624428,777574,"Frazier, Adam",2025.0,33.0,177.0,197.0,45.0,33.0,9.0,0.0,3.0,32.0,15.0,16.2,7.6,0.254,0.356,0.325,0.681,0.231,0.298,0.302,0.268,26.6
Pittsburgh Pirates,home,Ke'Bryan Hayes,663647,777574,"Hayes, Ke'Bryan",2025.0,28.0,226.0,246.0,51.0,44.0,4.0,2.0,1.0,48.0,15.0,19.5,6.1,0.226,0.274,0.286,0.56,0.241,0.35,0.256,0.289,27.1
Pittsburgh Pirates,home,Brett Sullivan,664954,777574,0,0.0,0.0,0.0,0.0,0.0,0.0,0.0,0.0,0.0,0.0,0.0,0.0,0.0,0.0,0.0,0.0,0.0,0.0,0.0,0.0,0.0,0.0
Pittsburgh Pirates,home,Jared Triolo,669707,777574,"Triolo, Jared",2025.0,27.0,102.0,117.0,19.0,11.0,6.0,0.0,2.0,19.0,11.0,16.2,9.4,0.186,0.304,0.27,0.574,0.231,0.386,0.26,0.306,28.5
Miami Marlins,away,Xavier Edwards,669364,777574,"Edwards, Xavier",2025.0,25.0,194.0,220.0,55.0,48.0,6.0,1.0,0.0,35.0,21.0,15.9,9.5,0.284,0.325,0.353,0.678,0.256,0.314,0.307,0.291,27.7
Miami Marlins,away,Jesús Sánchez,660821,777574,"Sánchez, Jesús",2025.0,27.0,160.0,182.0,43.0,31.0,6.0,1.0,5.0,41.0,20.0,22.5,11.0,0.269,0.412,0.352,0.764,0.265,0.473,0.339,0.355,26.9
Miami Marlins,away,Agustín Ramírez,682663,777574,"Ramírez, Agustín",2025.0,23.0,155.0,168.0,38.0,19.0,11.0,0.0,8.0,27.0,13.0,16.1,7.7,0.245,0.471,0.304,0.775,0.271,0.465,0.336,0.342,26.6
Miami Marlins,away,Otto Lopez,672640,777574,"Lopez, Otto",2025.0,26.0,175.0,193.0,40.0,28.0,7.0,0.0,5.0,26.0,17.0,13.5,8.8,0.229,0.354,0.301,0.655,0.278,0.463,0.292,0.349,28.4
Miami Marlins,away,Kyle Stowers,669065,777574,"Stowers, Kyle",2025.0,27.0,207.0,233.0,58.0,38.0,8.0,2.0,10.0,67.0,20.0,28.8,8.6,0.28,0.483,0.349,0.832,0.278,0.543,0.361,0.381,26.9
Miami Marlins,away,Connor Norby,681393,777574,"Norby, Connor",2025.0,25.0,158.0,167.0,39.0,26.0,9.0,1.0,3.0,47.0,6.0,28.1,3.6,0.247,0.373,0.287,0.66,0.231,0.42,0.292,0.298,28.7
Miami Marlins,away,Liam Hicks,689414,777574,"Hicks, Liam",2025.0,26.0,110.0,125.0,31.0,19.0,7.0,1.0,4.0,17.0,10.0,13.6,8.0,0.282,0.473,0.35,0.823,0.26,0.396,0.358,0.32,26.0
Miami Marlins,away,Dane Myers,667472,777574,"Myers, Dane",2025.0,29.0,107.0,116.0,33.0,24.0,6.0,0.0,3.0,27.0,8.0,23.3,6.9,0.308,0.449,0.362,0.811,0.301,0.471,0.357,0.359,28.2
Miami Marlins,away,Heriberto Hernandez,681715,777574,"Hernandez, Heriberto",2025.0,25.0,16.0,17.0,6.0,6.0,0.0,0.0,0.0,5.0,1.0,29.4,5.9,0.375,0.375,0.412,0.787,0.401,0.643,0.355,0.462,0.0
Philadelphia Phillies,home,Trea Turner,607208,777578,"Turner, Trea",2025.0,32.0,260.0,283.0,78.0,56.0,13.0,2.0,7.0,50.0,19.0,17.7,6.7,0.3,0.446,0.353,0.799,0.266,0.41,0.351,0.319,29.9
Philadelphia Phillies,home,Kyle Schwarber,656941,777578,"Schwarber, Kyle",2025.0,32.0,238.0,286.0,60.0,30.0,9.0,1.0,20.0,73.0,44.0,25.5,15.4,0.252,0.55,0.378,0.928,0.276,0.604,0.398,0.421,25.8
Philadelphia Phillies,home,Alec Bohm,664761,777578,"Bohm, Alec",2025.0,28.0,241.0,257.0,65.0,50.0,9.0,1.0,5.0,40.0,11.0,15.6,4.3,0.27,0.378,0.307,0.685,0.274,0.417,0.302,0.323,26.7
Philadelphia Phillies,home,Nick Castellanos,592206,777578,"Castellanos, Nick",2025.0,33.0,245.0,266.0,69.0,47.0,16.0,0.0,6.0,48.0,14.0,18.0,5.3,0.282,0.42,0.323,0.743,0.267,0.428,0.325,0.322,27.4
Philadelphia Phillies,home,J.T. Realmuto,592663,777578,"Realmuto, J.T.",2025.0,34.0,197.0,216.0,44.0,29.0,9.0,1.0,5.0,53.0,19.0,24.5,8.8,0.223,0.355,0.292,0.647,0.254,0.419,0.287,0.32,28.3
Philadelphia Phillies,home,Edmundo Sosa,624641,777578,"Sosa, Edmundo",2025.0,29.0,91.0,100.0,25.0,19.0,5.0,0.0,1.0,20.0,6.0,20.0,6.0,0.275,0.363,0.323,0.686,0.287,0.401,0.305,0.322,29.3
Philadelphia Phillies,home,Otto Kemp,805249,777578,0,0.0,0.0,0.0,0.0,0.0,0.0,0.0,0.0,0.0,0.0,0.0,0.0,0.0,0.0,0.0,0.0,0.0,0.0,0.0,0.0,0.0,0.0
Philadelphia Phillies,home,Weston Wilson,642215,777578,"Wilson, Weston",2025.0,30.0,33.0,39.0,5.0,4.0,0.0,0.0,1.0,13.0,6.0,33.3,15.4,0.152,0.242,0.282,0.524,0.247,0.4,0.251,0.341,27.6
Philadelphia Phillies,home,Johan Rojas,679032,777578,"Rojas, Johan",2025.0,24.0,106.0,119.0,26.0,21.0,2.0,2.0,1.0,31.0,9.0,26.1,7.6,0.245,0.33,0.299,0.629,0.229,0.292,0.28,0.26,30.0
Chicago Cubs,away,Ian Happ,664023,777578,"Happ, Ian",2025.0,30.0,231.0,265.0,58.0,41.0,13.0,0.0,4.0,59.0,31.0,22.3,11.7,0.251,0.359,0.34,0.699,0.265,0.412,0.315,0.339,27.1
Chicago Cubs,away,Kyle Tucker,663656,777578,"Tucker, Kyle",2025.0,28.0,241.0,288.0,67.0,39.0,12.0,4.0,12.0,35.0,43.0,12.2,14.9,0.278,0.51,0.389,0.899,0.301,0.563,0.384,0.408,26.6
Chicago Cubs,away,Seiya Suzuki,673548,777578,"Suzuki, Seiya",2025.0,30.0,242.0,272.0,64.0,28.0,18.0,2.0,16.0,72.0,25.0,26.5,9.2,0.264,0.554,0.327,0.881,0.277,0.547,0.373,0.375,27.8
Chicago Cubs,away,Pete Crow-Armstrong,691718,777578,"Crow-Armstrong, Pete",2025.0,23.0,256.0,275.0,71.0,36.0,15.0,3.0,17.0,70.0,13.0,25.5,4.7,0.277,0.559,0.313,0.872,0.265,0.518,0.371,0.347,29.4
Chicago Cubs,away,Dansby Swanson,621020,777578,"Swanson, Dansby",2025.0,31.0,249.0,274.0,60.0,38.0,10.0,1.0,11.0,74.0,20.0,27.0,7.3,0.241,0.422,0.293,0.715,0.262,0.477,0.309,0.342,28.3
Chicago Cubs,away,Michael Busch,683737,777578,"Busch, Michael",2025.0,27.0,196.0,227.0,54.0,30.0,11.0,3.0,10.0,53.0,26.0,23.3,11.5,0.276,0.515,0.374,0.889,0.268,0.549,0.386,0.391,26.8
Chicago Cubs,away,Carson Kelly,608348,777578,"Kelly, Carson",2025.0,30.0,130.0,156.0,33.0,20.0,3.0,1.0,9.0,22.0,24.0,14.1,15.4,0.254,0.5,0.372,0.872,0.262,0.487,0.38,0.375,25.9
Chicago Cubs,away,Nico Hoerner,663538,777578,"Hoerner, Nico",2025.0,28.0,238.0,257.0,68.0,52.0,15.0,1.0,0.0,19.0,14.0,7.4,5.4,0.286,0.357,0.331,0.688,0.278,0.363,0.306,0.302,28.3
Chicago Cubs,away,Matt Shaw,807713,777578,"Shaw, Matt",2025.0,23.0,123.0,137.0,31.0,21.0,8.0,0.0,2.0,29.0,14.0,21.2,10.2,0.252,0.366,0.328,0.694,0.257,0.382,0.312,0.318,28.9
Boston Red Sox,home,Jarren Duran,680776,777584,"Duran, Jarren",2025.0,28.0,286.0,312.0,78.0,50.0,17.0,7.0,4.0,70.0,19.0,22.4,6.1,0.273,0.423,0.327,0.75,0.266,0.414,0.328,0.328,29.1
Boston Red Sox,home,Rafael Devers,646240,777584,"Devers, Rafael",2025.0,28.0,251.0,307.0,71.0,39.0,18.0,0.0,14.0,68.0,51.0,22.1,16.6,0.283,0.522,0.407,0.929,0.281,0.541,0.4,0.406,25.6
Boston Red Sox,home,Abraham Toro,647351,777584,"Toro, Abraham",2025.0,28.0,82.0,85.0,28.0,17.0,7.0,0.0,4.0,11.0,2.0,12.9,2.4,0.341,0.573,0.353,0.926,0.311,0.47,0.396,0.339,27.8
Boston Red Sox,home,Trevor Story,596115,777584,"Story, Trevor",2025.0,32.0,243.0,260.0,55.0,42.0,5.0,0.0,8.0,79.0,13.0,30.4,5.0,0.226,0.346,0.274,0.62,0.241,0.408,0.276,0.302,28.5
Boston Red Sox,home,Roman Anthony,701350,777584,0,0.0,0.0,0.0,0.0,0.0,0.0,0.0,0.0,0.0,0.0,0.0,0.0,0.0,0.0,0.0,0.0,0.0,0.0,0.0,0.0,0.0,0.0
Boston Red Sox,home,Kristian Campbell,692225,777584,"Campbell, Kristian",2025.0,23.0,206.0,235.0,48.0,33.0,9.0,0.0,6.0,65.0,26.0,27.7,11.1,0.233,0.364,0.323,0.687,0.23,0.357,0.309,0.303,27.2
Boston Red Sox,home,Marcelo Mayer,691785,777584,"Mayer, Marcelo",2025.0,22.0,36.0,39.0,8.0,5.0,2.0,0.0,1.0,10.0,3.0,25.6,7.7,0.222,0.361,0.282,0.643,0.255,0.382,0.286,0.305,28.1
Boston Red Sox,home,Ceddanne Rafaela,678882,777584,"Rafaela, Ceddanne",2025.0,24.0,213.0,232.0,52.0,34.0,10.0,2.0,6.0,46.0,13.0,19.8,5.6,0.244,0.394,0.296,0.69,0.262,0.468,0.304,0.336,28.8
Boston Red Sox,home,Connor Wong,657136,777584,"Wong, Connor",2025.0,29.0,57.0,65.0,9.0,9.0,0.0,0.0,0.0,16.0,7.0,24.6,10.8,0.158,0.158,0.262,0.42,0.238,0.348,0.209,0.307,27.6
Tampa Bay Rays,away,Josh Lowe,666139,777584,"Lowe, Josh",2025.0,27.0,79.0,87.0,21.0,13.0,5.0,0.0,3.0,19.0,8.0,21.8,9.2,0.266,0.443,0.333,0.776,0.285,0.438,0.341,0.345,27.6
Tampa Bay Rays,away,Brandon Lowe,664040,777584,"Lowe, Brandon",2025.0,30.0,230.0,249.0,56.0,35.0,8.0,0.0,13.0,66.0,16.0,26.5,6.4,0.243,0.448,0.293,0.741,0.269,0.512,0.322,0.352,26.5
Tampa Bay Rays,away,Yandy Díaz,650490,777584,"Díaz, Yandy",2025.0,33.0,242.0,263.0,60.0,38.0,13.0,0.0,9.0,39.0,17.0,14.8,6.5,0.248,0.413,0.297,0.71,0.288,0.479,0.308,0.35,25.4
Tampa Bay Rays,away,Jonathan Aranda,666018,777584,"Aranda, Jonathan",2025.0,27.0,194.0,224.0,62.0,43.0,12.0,0.0,7.0,52.0,24.0,23.2,10.7,0.32,0.49,0.406,0.896,0.3,0.502,0.394,0.388,25.9
Tampa Bay Rays,away,Junior Caminero,691406,777584,"Caminero, Junior",2025.0,21.0,237.0,252.0,62.0,32.0,15.0,0.0,15.0,48.0,11.0,19.0,4.4,0.262,0.515,0.294,0.809,0.276,0.508,0.345,0.35,26.8
Tampa Bay Rays,away,Jake Mangum,663968,777584,"Mangum, Jake",2025.0,29.0,100.0,106.0,28.0,23.0,4.0,0.0,1.0,14.0,5.0,13.2,4.7,0.28,0.35,0.314,0.664,0.246,0.365,0.296,0.283,28.9
Tampa Bay Rays,away,Kameron Misner,670224,777584,"Misner, Kameron",2025.0,27.0,168.0,186.0,37.0,23.0,8.0,1.0,5.0,57.0,15.0,30.6,8.1,0.22,0.369,0.285,0.654,0.206,0.319,0.289,0.264,28.2
Tampa Bay Rays,away,Taylor Walls,670764,777584,"Walls, Taylor",2025.0,28.0,145.0,166.0,30.0,24.0,4.0,0.0,2.0,37.0,18.0,22.3,10.8,0.207,0.276,0.289,0.565,0.2,0.273,0.259,0.253,28.0
Tampa Bay Rays,away,Danny Jansen,643376,777584,"Jansen, Danny",2025.0,30.0,130.0,153.0,26.0,16.0,5.0,0.0,5.0,37.0,21.0,24.2,13.7,0.2,0.354,0.32,0.674,0.198,0.347,0.307,0.301,25.9
Milwaukee Brewers,home,Jackson Chourio,694192,777575,"Chourio, Jackson",2025.0,21.0,280.0,292.0,71.0,42.0,18.0,1.0,10.0,59.0,10.0,20.2,3.4,0.254,0.432,0.281,0.713,0.261,0.417,0.309,0.304,29.2
Milwaukee Brewers,home,William Contreras,661388,777575,"Contreras, William",2025.0,27.0,221.0,260.0,54.0,42.0,7.0,0.0,5.0,52.0,38.0,20.0,14.6,0.244,0.344,0.354,0.698,0.237,0.359,0.315,0.316,26.3
Milwaukee Brewers,home,Christian Yelich,592885,777575,"Yelich, Christian",2025.0,33.0,236.0,268.0,55.0,37.0,5.0,0.0,13.0,70.0,28.0,26.1,10.4,0.233,0.419,0.321,0.74,0.252,0.429,0.325,0.333,27.9
Milwaukee Brewers,home,Rhys Hoskins,656555,777575,"Hoskins, Rhys",2025.0,32.0,203.0,239.0,54.0,36.0,9.0,0.0,9.0,60.0,30.0,25.1,12.6,0.266,0.443,0.36,0.803,0.248,0.433,0.35,0.339,24.6
Milwaukee Brewers,home,Daz Cameron,663662,777575,"Cameron, Daz",2025.0,28.0,36.0,37.0,7.0,5.0,1.0,0.0,1.0,11.0,1.0,29.7,2.7,0.194,0.306,0.216,0.522,0.233,0.397,0.229,0.278,27.7
Milwaukee Brewers,home,Sal Frelick,686217,777575,"Frelick, Sal",2025.0,25.0,222.0,249.0,65.0,52.0,6.0,3.0,4.0,31.0,19.0,12.4,7.6,0.293,0.401,0.357,0.758,0.273,0.357,0.338,0.311,28.8
Milwaukee Brewers,home,Caleb Durbin,702332,777575,"Durbin, Caleb",2025.0,25.0,144.0,167.0,31.0,19.0,10.0,0.0,2.0,12.0,9.0,7.2,5.4,0.215,0.326,0.303,0.629,0.219,0.316,0.286,0.282,28.3
Milwaukee Brewers,home,Joey Ortiz,687401,777575,"Ortiz, Joey",2025.0,26.0,199.0,223.0,36.0,28.0,6.0,0.0,2.0,38.0,17.0,17.0,7.6,0.181,0.241,0.256,0.497,0.243,0.321,0.231,0.285,28.6
Milwaukee Brewers,home,Brice Turang,668930,777575,"Turang, Brice",2025.0,25.0,237.0,272.0,63.0,51.0,8.0,0.0,4.0,57.0,30.0,21.0,11.0,0.266,0.35,0.347,0.697,0.282,0.424,0.315,0.351,28.9
Atlanta Braves,away,Ronald Acuña Jr.,660670,777575,"Acuña Jr., Ronald",2025.0,27.0,56.0,64.0,17.0,11.0,2.0,0.0,4.0,21.0,8.0,32.8,12.5,0.304,0.554,0.391,0.945,0.259,0.569,0.405,0.385,27.3
Atlanta Braves,away,Drake Baldwin,686948,777575,"Baldwin, Drake",2025.0,24.0,122.0,131.0,37.0,26.0,4.0,0.0,7.0,20.0,9.0,15.3,6.9,0.303,0.508,0.351,0.859,0.307,0.504,0.374,0.369,25.9
Atlanta Braves,away,Austin Riley,663586,777575,"Riley, Austin",2025.0,28.0,262.0,283.0,73.0,50.0,12.0,0.0,11.0,79.0,18.0,27.9,6.4,0.279,0.45,0.332,0.782,0.27,0.496,0.342,0.351,28.6
Atlanta Braves,away,Matt Olson,621566,777575,"Olson, Matt",2025.0,31.0,237.0,278.0,56.0,29.0,14.0,0.0,13.0,65.0,37.0,23.4,13.3,0.236,0.46,0.342,0.802,0.268,0.559,0.35,0.396,25.0
Atlanta Braves,away,Marcell Ozuna,542303,777575,"Ozuna, Marcell",2025.0,34.0,214.0,267.0,55.0,38.0,7.0,0.0,10.0,62.0,50.0,23.2,18.7,0.257,0.43,0.397,0.827,0.268,0.501,0.369,0.393,24.9
Atlanta Braves,away,Michael Harris II,671739,777575,"Harris II, Michael",2025.0,24.0,245.0,262.0,58.0,42.0,10.0,2.0,4.0,51.0,10.0,19.5,3.8,0.237,0.343,0.265,0.608,0.278,0.416,0.265,0.314,28.4
Atlanta Braves,away,Ozzie Albies,645277,777575,"Albies, Ozzie",2025.0,28.0,246.0,275.0,57.0,42.0,9.0,0.0,6.0,41.0,26.0,14.9,9.5,0.232,0.341,0.309,0.65,0.24,0.36,0.294,0.302,27.2
Atlanta Braves,away,Alex Verdugo,657077,777575,"Verdugo, Alex",2025.0,29.0,152.0,164.0,38.0,28.0,10.0,0.0,0.0,22.0,10.0,13.4,6.1,0.25,0.316,0.305,0.621,0.275,0.387,0.28,0.314,25.9
Atlanta Braves,away,Nick Allen,669397,777575,"Allen, Nick",2025.0,26.0,158.0,181.0,37.0,32.0,5.0,0.0,0.0,41.0,15.0,22.7,8.3,0.234,0.266,0.309,0.575,0.223,0.266,0.266,0.26,27.2
St. Louis Cardinals,home,Lars Nootbaar,663457,777581,"Nootbaar, Lars",2025.0,27.0,248.0,291.0,60.0,40.0,12.0,0.0,8.0,58.0,38.0,19.9,13.1,0.242,0.387,0.347,0.734,0.253,0.429,0.327,0.343,27.2
St. Louis Cardinals,home,Masyn Winn,691026,777581,"Winn, Masyn",2025.0,23.0,200.0,226.0,55.0,38.0,11.0,0.0,6.0,44.0,20.0,19.5,8.8,0.275,0.42,0.347,0.767,0.269,0.404,0.339,0.328,28.5
St. Louis Cardinals,home,Brendan Donovan,680977,777581,"Donovan, Brendan",2025.0,28.0,240.0,269.0,76.0,52.0,20.0,0.0,4.0,35.0,22.0,13.0,8.2,0.317,0.45,0.384,0.834,0.309,0.476,0.366,0.372,26.7
St. Louis Cardinals,home,Willson Contreras,575929,777581,"Contreras, Willson",2025.0,33.0,232.0,260.0,58.0,37.0,14.0,0.0,7.0,63.0,18.0,24.2,6.9,0.25,0.401,0.324,0.725,0.283,0.515,0.321,0.373,27.3
St. Louis Cardinals,home,Iván Herrera,671056,777581,"Herrera, Iván",2025.0,25.0,114.0,132.0,36.0,22.0,8.0,0.0,6.0,25.0,14.0,18.9,10.6,0.316,0.544,0.394,0.938,0.289,0.515,0.404,0.381,26.7
St. Louis Cardinals,home,Nolan Arenado,571448,777581,"Arenado, Nolan",2025.0,34.0,228.0,252.0,54.0,36.0,10.0,1.0,7.0,29.0,20.0,11.5,7.9,0.237,0.382,0.302,0.684,0.239,0.374,0.298,0.295,25.7
St. Louis Cardinals,home,Alec Burleson,676475,777581,"Burleson, Alec",2025.0,26.0,169.0,182.0,50.0,38.0,7.0,0.0,5.0,26.0,12.0,14.3,6.6,0.296,0.426,0.341,0.767,0.272,0.433,0.335,0.326,24.9
St. Louis Cardinals,home,Nolan Gorman,669357,777581,"Gorman, Nolan",2025.0,25.0,100.0,117.0,21.0,12.0,6.0,1.0,2.0,34.0,14.0,29.1,12.0,0.21,0.35,0.299,0.649,0.21,0.4,0.285,0.313,25.8
St. Louis Cardinals,home,Victor Scott II,687363,777581,"Scott II, Victor",2025.0,24.0,188.0,217.0,45.0,34.0,8.0,1.0,2.0,58.0,19.0,26.7,8.8,0.239,0.324,0.319,0.643,0.231,0.31,0.292,0.284,30.1
Toronto Blue Jays,away,Bo Bichette,666182,777581,"Bichette, Bo",2025.0,27.0,274.0,294.0,74.0,48.0,17.0,1.0,8.0,48.0,17.0,16.3,5.8,0.27,0.427,0.316,0.743,0.306,0.506,0.324,0.368,26.1
Toronto Blue Jays,away,Vladimir Guerrero Jr.,665489,777581,"Guerrero Jr., Vladimir",2025.0,26.0,242.0,287.0,66.0,47.0,11.0,0.0,8.0,41.0,39.0,14.3,13.6,0.273,0.417,0.38,0.797,0.322,0.526,0.352,0.409,26.7
Toronto Blue Jays,away,Addison Barger,680718,777581,"Barger, Addison",2025.0,25.0,141.0,154.0,37.0,18.0,12.0,0.0,7.0,33.0,12.0,21.4,7.8,0.262,0.496,0.325,0.821,0.297,0.556,0.352,0.384,27.8
Toronto Blue Jays,away,Alejandro Kirk,672386,777581,"Kirk, Alejandro",2025.0,26.0,185.0,203.0,56.0,47.0,6.0,0.0,3.0,21.0,14.0,10.3,6.9,0.303,0.384,0.35,0.734,0.311,0.484,0.324,0.365,24.2
Toronto Blue Jays,away,George Springer,543807,777581,"Springer III, George",2025.0,35.0,195.0,236.0,49.0,24.0,14.0,1.0,10.0,55.0,34.0,23.3,14.4,0.251,0.487,0.365,0.852,0.273,0.571,0.37,0.403,27.5
Toronto Blue Jays,away,Andrés Giménez,665926,777581,"Giménez, Andrés",2025.0,26.0,141.0,158.0,29.0,20.0,6.0,0.0,3.0,26.0,12.0,16.5,7.6,0.206,0.312,0.285,0.597,0.261,0.376,0.271,0.324,28.3
Toronto Blue Jays,away,Davis Schneider,676914,777581,"Schneider, Davis",2025.0,26.0,24.0,32.0,5.0,4.0,0.0,0.0,1.0,11.0,7.0,34.4,21.9,0.208,0.333,0.406,0.739,0.129,0.234,0.351,0.289,26.7
Toronto Blue Jays,away,Ernie Clement,676391,777581,"Clement, Ernie",2025.0,29.0,193.0,210.0,53.0,38.0,12.0,0.0,3.0,25.0,11.0,11.9,5.2,0.275,0.383,0.314,0.697,0.267,0.354,0.307,0.294,28.4
Toronto Blue Jays,away,Jonatan Clase,682729,777581,"Clase, Jonatan",2025.0,23.0,58.0,65.0,12.0,9.0,3.0,0.0,0.0,16.0,6.0,24.6,9.2,0.207,0.259,0.281,0.54,0.236,0.343,0.25,0.291,29.3
Los Angeles Angels,home,Zach Neto,687263,777576,"Neto, Zach",2025.0,24.0,187.0,198.0,50.0,28.0,11.0,1.0,10.0,57.0,8.0,28.8,4.0,0.267,0.497,0.303,0.8,0.273,0.536,0.345,0.36,28.1
Los Angeles Angels,home,Nolan Schanuel,694384,777576,"Schanuel, Nolan",2025.0,23.0,217.0,256.0,59.0,42.0,13.0,1.0,3.0,33.0,33.0,12.9,12.9,0.272,0.382,0.372,0.754,0.282,0.418,0.336,0.35,25.9
Los Angeles Angels,home,Mike Trout,545361,777576,"Trout, Mike",2025.0,33.0,138.0,158.0,30.0,17.0,2.0,1.0,10.0,44.0,17.0,27.8,10.8,0.217,0.464,0.304,0.768,0.277,0.594,0.328,0.395,28.3
Los Angeles Angels,home,Taylor Ward,621493,777576,"Ward, Taylor",2025.0,31.0,245.0,269.0,52.0,21.0,12.0,1.0,18.0,74.0,19.0,27.5,7.1,0.212,0.49,0.264,0.754,0.238,0.508,0.319,0.334,27.5
Los Angeles Angels,home,Travis d'Arnaud,518595,777576,"d'Arnaud, Travis",2025.0,36.0,90.0,96.0,21.0,13.0,6.0,0.0,2.0,30.0,4.0,31.3,4.2,0.233,0.367,0.281,0.648,0.236,0.467,0.287,0.322,26.3
Los Angeles Angels,home,Chris Taylor,621035,777576,"Taylor, Chris",2025.0,34.0,62.0,65.0,13.0,7.0,5.0,0.0,1.0,24.0,1.0,36.9,1.5,0.21,0.339,0.246,0.585,0.199,0.334,0.258,0.249,27.8
Los Angeles Angels,home,Jo Adell,666176,777576,"Adell, Jo",2025.0,26.0,173.0,191.0,38.0,20.0,7.0,0.0,11.0,46.0,12.0,24.1,6.3,0.22,0.451,0.293,0.744,0.272,0.538,0.326,0.376,27.5
Los Angeles Angels,home,Scott Kingery,664068,777576,"Kingery, Scott",2025.0,31.0,10.0,11.0,1.0,0.0,1.0,0.0,0.0,4.0,1.0,36.4,9.1,0.1,0.2,0.182,0.382,0.166,0.264,0.178,0.231,0.0
Los Angeles Angels,home,Kevin Newman,621028,777576,"Newman, Kevin",2025.0,31.0,59.0,61.0,11.0,9.0,2.0,0.0,0.0,10.0,1.0,16.4,1.6,0.186,0.22,0.2,0.42,0.215,0.277,0.187,0.22,26.6
Athletics,away,Lawrence Butler,671732,777576,"Butler, Lawrence",2025.0,24.0,253.0,279.0,69.0,37.0,22.0,1.0,9.0,74.0,26.0,26.5,9.3,0.273,0.474,0.341,0.815,0.247,0.437,0.355,0.328,26.7
Athletics,away,Jacob Wilson,805779,777576,"Wilson Jr., Jacob",2025.0,23.0,250.0,268.0,93.0,70.0,15.0,0.0,8.0,16.0,14.0,6.0,5.2,0.372,0.528,0.408,0.936,0.315,0.404,0.407,0.332,26.8
Athletics,away,Brent Rooker,667670,777576,"Rooker Jr., Brent",2025.0,30.0,266.0,294.0,72.0,45.0,13.0,1.0,13.0,64.0,26.0,21.8,8.8,0.271,0.474,0.34,0.814,0.292,0.537,0.356,0.384,27.3
Athletics,away,Tyler Soderstrom,691016,777576,"Soderstrom, Tyler",2025.0,23.0,250.0,283.0,65.0,39.0,11.0,1.0,14.0,71.0,28.0,25.1,9.9,0.26,0.48,0.343,0.823,0.282,0.526,0.358,0.38,27.3
Athletics,away,Max Muncy,691777,777576,"Muncy, Max",2025.0,22.0,85.0,88.0,16.0,9.0,4.0,0.0,3.0,27.0,3.0,30.7,3.4,0.188,0.341,0.216,0.557,0.22,0.363,0.243,0.263,27.8
Athletics,away,Nick Kurtz,701762,777576,"Kurtz, Nick",2025.0,22.0,94.0,108.0,23.0,15.0,2.0,1.0,5.0,36.0,11.0,33.3,10.2,0.245,0.447,0.315,0.762,0.251,0.471,0.325,0.338,27.2
Athletics,away,Luis Urías,649966,777576,"Urías, Luis",2025.0,28.0,156.0,184.0,38.0,27.0,5.0,0.0,6.0,27.0,20.0,14.7,10.9,0.244,0.391,0.337,0.728,0.238,0.364,0.325,0.316,25.8
Athletics,away,Willie MacIver,680862,777576,"MacIver, Willie",2025.0,28.0,22.0,23.0,5.0,4.0,1.0,0.0,0.0,6.0,1.0,26.1,4.3,0.227,0.273,0.261,0.534,0.216,0.278,0.24,0.233,26.6
Athletics,away,Denzel Clarke,672016,777576,"Clarke, Denzel",2025.0,25.0,49.0,51.0,11.0,9.0,1.0,0.0,1.0,28.0,1.0,54.9,2.0,0.224,0.306,0.255,0.561,0.183,0.277,0.25,0.216,29.5
San Diego Padres,home,Fernando Tatis Jr.,665487,777579,"Tatis Jr., Fernando",2025.0,26.0,243.0,271.0,63.0,41.0,8.0,1.0,13.0,51.0,26.0,18.8,9.6,0.259,0.461,0.332,0.793,0.277,0.524,0.344,0.374,28.9
San Diego Padres,home,Luis Arraez,650333,777579,"Arraez, Luis",2025.0,28.0,232.0,252.0,64.0,45.0,13.0,3.0,3.0,5.0,12.0,2.0,4.8,0.276,0.397,0.31,0.707,0.266,0.332,0.309,0.278,26.3
San Diego Padres,home,Manny Machado,592518,777579,"Machado, Manny",2025.0,32.0,239.0,267.0,76.0,49.0,17.0,0.0,10.0,43.0,26.0,16.1,9.7,0.318,0.515,0.382,0.897,0.321,0.564,0.388,0.408,25.9
San Diego Padres,home,Jackson Merrill,701538,777579,"Merrill, Jackson",2025.0,22.0,154.0,164.0,46.0,31.0,9.0,1.0,5.0,37.0,8.0,22.6,4.9,0.299,0.468,0.335,0.803,0.295,0.528,0.349,0.366,28.2
San Diego Padres,home,Gavin Sheets,657757,777579,"Sheets, Gavin",2025.0,29.0,200.0,218.0,50.0,31.0,7.0,1.0,11.0,51.0,15.0,23.4,6.9,0.25,0.46,0.307,0.767,0.264,0.473,0.334,0.341,26.8
San Diego Padres,home,Xander Bogaerts,593428,777579,"Bogaerts, Xander",2025.0,32.0,216.0,249.0,51.0,38.0,10.0,0.0,3.0,47.0,28.0,18.9,11.2,0.236,0.324,0.321,0.645,0.254,0.364,0.288,0.311,28.0
San Diego Padres,home,Jake Cronenworth,630105,777579,"Cronenworth, Jake",2025.0,31.0,124.0,154.0,30.0,19.0,6.0,1.0,4.0,33.0,24.0,21.4,15.6,0.242,0.403,0.373,0.776,0.221,0.325,0.348,0.314,28.2
San Diego Padres,home,Tyler Wade,642180,777579,"Wade, Tyler",2025.0,30.0,81.0,95.0,19.0,17.0,1.0,1.0,0.0,26.0,11.0,27.4,11.6,0.235,0.272,0.326,0.598,0.189,0.229,0.279,0.243,28.0
San Diego Padres,home,Elias Díaz,553869,777579,"Díaz, Elias",2025.0,34.0,134.0,147.0,30.0,23.0,4.0,0.0,3.0,34.0,11.0,23.1,7.5,0.224,0.321,0.288,0.609,0.206,0.297,0.275,0.255,24.7
Los Angeles Dodgers,away,Shohei Ohtani,660271,777579,"Ohtani, Shohei",2025.0,30.0,256.0,299.0,75.0,38.0,10.0,4.0,23.0,73.0,40.0,24.4,13.4,0.293,0.633,0.388,1.021,0.305,0.695,0.425,0.45,27.9
Los Angeles Dodgers,away,Mookie Betts,605141,777579,"Betts, Mookie",2025.0,32.0,230.0,261.0,63.0,46.0,7.0,1.0,9.0,24.0,28.0,9.2,10.7,0.274,0.43,0.352,0.782,0.286,0.444,0.346,0.352,26.7
Los Angeles Dodgers,away,Freddie Freeman,518692,777579,"Freeman, Freddie",2025.0,35.0,203.0,232.0,70.0,40.0,20.0,1.0,9.0,46.0,24.0,19.8,10.3,0.345,0.586,0.414,1.0,0.313,0.547,0.422,0.396,25.7
Los Angeles Dodgers,away,Teoscar Hernández,606192,777579,"Hernández, Teoscar",2025.0,32.0,199.0,210.0,53.0,28.0,15.0,0.0,10.0,49.0,8.0,23.3,3.8,0.266,0.492,0.297,0.789,0.286,0.495,0.34,0.346,27.9
Los Angeles Dodgers,away,Will Smith,669257,777579,"Smith, Will",2025.0,30.0,171.0,208.0,55.0,37.0,12.0,1.0,5.0,36.0,32.0,17.3,15.4,0.322,0.491,0.428,0.919,0.292,0.501,0.403,0.391,27.0
Los Angeles Dodgers,away,Max Muncy,571970,777579,"Muncy, Max",2025.0,34.0,196.0,240.0,46.0,28.0,8.0,1.0,9.0,57.0,37.0,23.8,15.4,0.235,0.423,0.358,0.781,0.245,0.503,0.345,0.373,27.2
Los Angeles Dodgers,away,Andy Pages,681624,777579,"Pages, Andy",2025.0,24.0,233.0,250.0,67.0,45.0,9.0,1.0,12.0,47.0,13.0,18.8,5.2,0.288,0.489,0.332,0.821,0.281,0.47,0.357,0.345,28.4
Los Angeles Dodgers,away,Tommy Edman,669242,777579,"Edman, Tommy",2025.0,30.0,176.0,190.0,43.0,24.0,9.0,1.0,9.0,33.0,7.0,17.4,3.7,0.244,0.46,0.279,0.739,0.282,0.466,0.316,0.341,28.6
Los Angeles Dodgers,away,Hyeseong Kim,808975,777579,"Kim, Hyeseong",2025.0,26.0,58.0,61.0,24.0,19.0,2.0,1.0,2.0,13.0,3.0,21.3,4.9,0.414,0.586,0.443,1.029,0.294,0.442,0.447,0.334,28.7
Arizona Diamondbacks,home,Corbin Carroll,682998,777577,"Carroll, Corbin",2025.0,24.0,255.0,286.0,66.0,30.0,12.0,6.0,18.0,68.0,25.0,23.8,8.7,0.259,0.565,0.339,0.904,0.276,0.593,0.386,0.4,29.5
Arizona Diamondbacks,home,Ketel Marte,606466,777577,"Marte, Ketel",2025.0,31.0,136.0,165.0,40.0,22.0,6.0,0.0,12.0,21.0,25.0,12.7,15.2,0.294,0.603,0.418,1.021,0.335,0.647,0.434,0.46,26.3
Arizona Diamondbacks,home,Geraldo Perdomo,672695,777577,"Perdomo, Geraldo",2025.0,25.0,229.0,276.0,61.0,40.0,14.0,0.0,7.0,32.0,35.0,11.6,12.7,0.266,0.419,0.361,0.78,0.25,0.379,0.344,0.326,27.0
Arizona Diamondbacks,home,Josh Naylor,647304,777577,"Naylor, Josh",2025.0,28.0,240.0,264.0,68.0,46.0,14.0,1.0,7.0,34.0,20.0,12.9,7.6,0.283,0.438,0.338,0.776,0.285,0.436,0.339,0.338,24.4
Arizona Diamondbacks,home,Eugenio Suárez,553993,777577,"Suárez, Eugenio",2025.0,33.0,236.0,266.0,55.0,24.0,13.0,0.0,18.0,68.0,20.0,25.6,7.5,0.233,0.517,0.308,0.825,0.243,0.53,0.353,0.363,26.6
Arizona Diamondbacks,home,Lourdes Gurriel Jr.,666971,777577,"Gurriel Jr., Lourdes",2025.0,31.0,233.0,255.0,58.0,35.0,13.0,1.0,9.0,36.0,15.0,14.1,5.9,0.249,0.429,0.294,0.723,0.265,0.435,0.313,0.321,26.7
Arizona Diamondbacks,home,Pavin Smith,656976,777577,"Smith, Pavin",2025.0,29.0,157.0,186.0,45.0,27.0,13.0,1.0,4.0,55.0,29.0,29.6,15.6,0.287,0.459,0.398,0.857,0.229,0.417,0.379,0.339,26.2
Arizona Diamondbacks,home,Alek Thomas,677950,777577,"Thomas, Alek",2025.0,25.0,164.0,176.0,42.0,30.0,8.0,2.0,2.0,42.0,6.0,23.9,3.4,0.256,0.366,0.297,0.663,0.261,0.415,0.293,0.316,28.0
Arizona Diamondbacks,home,Jose Herrera,645444,777577,"Herrera, Jose",2025.0,28.0,67.0,83.0,12.0,8.0,3.0,0.0,1.0,22.0,12.0,26.5,14.5,0.179,0.269,0.304,0.573,0.161,0.219,0.27,0.244,24.5
Seattle Mariners,away,J.P. Crawford,641487,777577,"Crawford, J.P.",2025.0,30.0,218.0,261.0,61.0,47.0,9.0,0.0,5.0,50.0,40.0,19.2,15.3,0.28,0.39,0.394,0.784,0.281,0.417,0.356,0.363,26.8
Seattle Mariners,away,Julio Rodríguez,677594,777577,"Rodríguez, Julio",2025.0,24.0,257.0,282.0,64.0,45.0,6.0,3.0,10.0,55.0,20.0,19.5,7.1,0.249,0.412,0.316,0.728,0.272,0.469,0.32,0.348,29.2
Seattle Mariners,away,Cal Raleigh,663728,777577,"Raleigh, Cal",2025.0,28.0,232.0,274.0,63.0,26.0,11.0,0.0,26.0,75.0,38.0,27.4,13.9,0.272,0.655,0.38,1.035,0.255,0.604,0.433,0.405,25.9
Seattle Mariners,away,Jorge Polanco,593871,777577,"Polanco, Jorge",2025.0,31.0,170.0,184.0,44.0,27.0,7.0,0.0,10.0,24.0,10.0,13.0,5.4,0.259,0.476,0.306,0.782,0.303,0.51,0.339,0.372,25.5
Seattle Mariners,away,Randy Arozarena,668227,777577,"Arozarena, Randy",2025.0,30.0,228.0,270.0,52.0,31.0,13.0,1.0,7.0,79.0,31.0,29.3,11.5,0.228,0.386,0.344,0.73,0.233,0.412,0.33,0.343,27.4
Seattle Mariners,away,Rowdy Tellez,642133,777577,"Tellez, Rowdy",2025.0,30.0,147.0,159.0,30.0,17.0,4.0,0.0,9.0,38.0,8.0,23.9,5.0,0.204,0.415,0.252,0.667,0.251,0.498,0.289,0.347,23.2
Seattle Mariners,away,Miles Mastrobuoni,670156,777577,"Mastrobuoni, Miles",2025.0,29.0,105.0,122.0,26.0,22.0,3.0,0.0,1.0,19.0,13.0,15.6,10.7,0.248,0.305,0.328,0.633,0.298,0.407,0.29,0.344,28.3
Seattle Mariners,away,Cole Young,702284,777577,"Young, Cole",2025.0,21.0,27.0,28.0,4.0,3.0,1.0,0.0,0.0,9.0,1.0,32.1,3.6,0.148,0.185,0.179,0.364,0.202,0.328,0.165,0.243,25.9
Seattle Mariners,away,Ben Williamson,810938,777577,"Williamson, Ben",2025.0,24.0,158.0,166.0,41.0,33.0,7.0,0.0,1.0,42.0,6.0,25.3,3.6,0.259,0.323,0.291,0.614,0.239,0.332,0.274,0.266,28.0
